(Exported by FreeCAD)
(Post Processor: linuxcnc_post)
(Output Time:2024-12-03 21:37:30.544295)
(begin preamble)
G17 G54 G40 G49 G80 G90
G21
(begin operation: Fixture)
(machine units: mm/min)
G54 
(finish operation: Fixture)
(begin operation: 6.3mm_Endmill002)
(machine units: mm/min)
(6.3mm_Endmill002) 
M5
M6 T2 
G43 H2 
M3 S600 
(finish operation: 6.3mm_Endmill002)
(begin operation: Surface)
(machine units: mm/min)
(Surface) 
(Surface) 
(Tool type: endmill) 
(Compensated Tool Path. Diameter: 6.3) 
(Sample interval: 1.0) 
(Step over %: 70.0) 
() 
G0 Z5.000 
(Beginning of Multi-pass layers.) 
(Layer 0 begins) 
(Begin step 0.) 
G0 X4.153 Y7.870 
(part 1) 
G1 X4.153 Y7.870 Z-1.000 F300.000 
G1 X42.067 Y7.870 Z-2.987 F300.000 
G1 X43.065 Y7.870 Z-3.000 F300.000 
G1 X404.247 Y7.870 Z-3.000 F300.000 
(End of step 0.) 
G0 Z3.000 
G0 X4.153 Y12.280 
(Begin step 1.) 
G0 X4.153 Y12.280 
(part 1) 
G1 X4.153 Y12.280 Z-1.000 F300.000 
G1 X42.067 Y12.280 Z-2.987 F300.000 
G1 X43.065 Y12.280 Z-3.000 F300.000 
G1 X404.247 Y12.280 Z-3.000 F300.000 
(End of step 1.) 
G0 Z3.000 
G0 X4.153 Y16.690 
(Begin step 2.) 
G0 X4.153 Y16.690 
(part 1) 
G1 X4.153 Y16.690 Z-1.000 F300.000 
G1 X42.067 Y16.690 Z-2.987 F300.000 
G1 X43.065 Y16.690 Z-3.000 F300.000 
G1 X404.247 Y16.690 Z-3.000 F300.000 
(End of step 2.) 
G0 Z3.000 
G0 X4.153 Y21.100 
(Begin step 3.) 
G0 X4.153 Y21.100 
(part 1) 
G1 X4.153 Y21.100 Z-1.000 F300.000 
G1 X42.067 Y21.100 Z-2.987 F300.000 
G1 X43.065 Y21.100 Z-3.000 F300.000 
G1 X404.247 Y21.100 Z-3.000 F300.000 
(End of step 3.) 
G0 Z3.000 
G0 X4.153 Y25.510 
(Begin step 4.) 
G0 X4.153 Y25.510 
(part 1) 
G1 X4.153 Y25.510 Z-1.000 F300.000 
G1 X42.067 Y25.510 Z-2.987 F300.000 
G1 X43.065 Y25.510 Z-3.000 F300.000 
G1 X404.247 Y25.510 Z-3.000 F300.000 
(End of step 4.) 
G0 Z3.000 
G0 X4.153 Y29.920 
(Begin step 5.) 
G0 X4.153 Y29.920 
(part 1) 
G1 X4.153 Y29.920 Z-1.000 F300.000 
G1 X42.067 Y29.920 Z-2.987 F300.000 
G1 X43.065 Y29.920 Z-3.000 F300.000 
G1 X404.247 Y29.920 Z-3.000 F300.000 
(End of step 5.) 
G0 Z3.000 
G0 X4.153 Y34.330 
(Begin step 6.) 
G0 X4.153 Y34.330 
(part 1) 
G1 X4.153 Y34.330 Z-1.000 F300.000 
G1 X42.067 Y34.330 Z-2.987 F300.000 
G1 X43.065 Y34.330 Z-3.000 F300.000 
G1 X404.247 Y34.330 Z-3.000 F300.000 
(End of step 6.) 
G0 Z3.000 
G0 X4.153 Y38.740 
(Begin step 7.) 
G0 X4.153 Y38.740 
(part 1) 
G1 X4.153 Y38.740 Z-1.000 F300.000 
G1 X42.067 Y38.740 Z-2.987 F300.000 
G1 X43.065 Y38.740 Z-3.000 F300.000 
G1 X404.247 Y38.740 Z-3.000 F300.000 
(End of step 7.) 
G0 Z3.000 
G0 X4.153 Y43.150 
(Begin step 8.) 
G0 X4.153 Y43.150 
(part 1) 
G1 X4.153 Y43.150 Z-1.000 F300.000 
G1 X42.067 Y43.150 Z-2.987 F300.000 
G1 X43.065 Y43.150 Z-3.000 F300.000 
G1 X404.247 Y43.150 Z-3.000 F300.000 
(End of step 8.) 
G0 Z3.000 
G0 X4.153 Y47.560 
(Begin step 9.) 
G0 X4.153 Y47.560 
(part 1) 
G1 X4.153 Y47.560 Z-1.000 F300.000 
G1 X42.067 Y47.560 Z-2.987 F300.000 
G1 X43.065 Y47.560 Z-3.000 F300.000 
G1 X404.247 Y47.560 Z-3.000 F300.000 
(End of step 9.) 
G0 Z3.000 
G0 X4.153 Y51.970 
(Begin step 10.) 
G0 X4.153 Y51.970 
(part 1) 
G1 X4.153 Y51.970 Z-1.000 F300.000 
G1 X42.067 Y51.970 Z-2.987 F300.000 
G1 X43.065 Y51.970 Z-3.000 F300.000 
G1 X404.247 Y51.970 Z-3.000 F300.000 
(End of step 10.) 
G0 Z3.000 
G0 X4.153 Y56.380 
(Begin step 11.) 
G0 X4.153 Y56.380 
(part 1) 
G1 X4.153 Y56.380 Z-1.000 F300.000 
G1 X42.067 Y56.380 Z-2.987 F300.000 
G1 X43.065 Y56.380 Z-3.000 F300.000 
G1 X404.247 Y56.380 Z-3.000 F300.000 
(End of step 11.) 
G0 Z3.000 
G0 X4.153 Y60.790 
(Begin step 12.) 
G0 X4.153 Y60.790 
(part 1) 
G1 X4.153 Y60.790 Z-1.000 F300.000 
G1 X42.067 Y60.790 Z-2.987 F300.000 
G1 X43.065 Y60.790 Z-3.000 F300.000 
G1 X404.247 Y60.790 Z-3.000 F300.000 
(End of step 12.) 
G0 Z3.000 
G0 X4.153 Y65.200 
(Begin step 13.) 
G0 X4.153 Y65.200 
(part 1) 
G1 X4.153 Y65.200 Z-1.000 F300.000 
G1 X42.067 Y65.200 Z-2.987 F300.000 
G1 X43.065 Y65.200 Z-3.000 F300.000 
G1 X404.247 Y65.200 Z-3.000 F300.000 
(End of step 13.) 
G0 Z3.000 
G0 X4.153 Y69.610 
(Begin step 14.) 
G0 X4.153 Y69.610 
(part 1) 
G1 X4.153 Y69.610 Z-1.000 F300.000 
G1 X42.067 Y69.610 Z-2.987 F300.000 
G1 X43.065 Y69.610 Z-3.000 F300.000 
G1 X404.247 Y69.610 Z-3.000 F300.000 
(End of step 14.) 
G0 Z3.000 
G0 X4.153 Y74.020 
(Begin step 15.) 
G0 X4.153 Y74.020 
(part 1) 
G1 X4.153 Y74.020 Z-1.000 F300.000 
G1 X42.067 Y74.020 Z-2.987 F300.000 
G1 X43.065 Y74.020 Z-3.000 F300.000 
G1 X404.247 Y74.020 Z-3.000 F300.000 
(End of step 15.) 
G0 Z3.000 
G0 X4.153 Y78.430 
(Begin step 16.) 
G0 X4.153 Y78.430 
(part 1) 
G1 X4.153 Y78.430 Z-1.000 F300.000 
G1 X42.067 Y78.430 Z-2.987 F300.000 
G1 X43.065 Y78.430 Z-3.000 F300.000 
G1 X404.247 Y78.430 Z-3.000 F300.000 
(End of step 16.) 
G0 Z3.000 
G0 X4.153 Y82.840 
(Begin step 17.) 
G0 X4.153 Y82.840 
(part 1) 
G1 X4.153 Y82.840 Z-1.000 F300.000 
G1 X42.067 Y82.840 Z-2.987 F300.000 
G1 X43.065 Y82.840 Z-3.000 F300.000 
G1 X404.247 Y82.840 Z-3.000 F300.000 
(End of step 17.) 
G0 Z3.000 
G0 X4.153 Y87.250 
(Begin step 18.) 
G0 X4.153 Y87.250 
(part 1) 
G1 X4.153 Y87.250 Z-1.000 F300.000 
G1 X42.067 Y87.250 Z-2.987 F300.000 
G1 X43.065 Y87.250 Z-3.000 F300.000 
G1 X404.247 Y87.250 Z-3.000 F300.000 
(End of step 18.) 
G0 Z3.000 
G0 X4.153 Y91.660 
(Begin step 19.) 
G0 X4.153 Y91.660 
(part 1) 
G1 X4.153 Y91.660 Z-1.000 F300.000 
G1 X42.067 Y91.660 Z-2.987 F300.000 
G1 X43.065 Y91.660 Z-3.000 F300.000 
G1 X404.247 Y91.660 Z-3.000 F300.000 
(End of step 19.) 
G0 Z3.000 
G0 X4.153 Y96.070 
(Begin step 20.) 
G0 X4.153 Y96.070 
(part 1) 
G1 X4.153 Y96.070 Z-1.000 F300.000 
G1 X42.067 Y96.070 Z-2.987 F300.000 
G1 X43.065 Y96.070 Z-3.000 F300.000 
G1 X404.247 Y96.070 Z-3.000 F300.000 
(End of step 20.) 
G0 Z3.000 
G0 X4.153 Y100.480 
(Begin step 21.) 
G0 X4.153 Y100.480 
(part 1) 
G1 X4.153 Y100.480 Z-1.000 F300.000 
G1 X42.067 Y100.480 Z-2.987 F300.000 
G1 X43.065 Y100.480 Z-3.000 F300.000 
G1 X404.247 Y100.480 Z-3.000 F300.000 
(End of step 21.) 
G0 Z3.000 
G0 X4.153 Y104.890 
(Begin step 22.) 
G0 X4.153 Y104.890 
(part 1) 
G1 X4.153 Y104.890 Z-1.000 F300.000 
G1 X42.067 Y104.890 Z-2.987 F300.000 
G1 X43.065 Y104.890 Z-3.000 F300.000 
G1 X404.247 Y104.890 Z-3.000 F300.000 
(End of step 22.) 
G0 Z3.000 
G0 X4.153 Y109.300 
(Begin step 23.) 
G0 X4.153 Y109.300 
(part 1) 
G1 X4.153 Y109.300 Z-1.000 F300.000 
G1 X42.067 Y109.300 Z-2.987 F300.000 
G1 X43.065 Y109.300 Z-3.000 F300.000 
G1 X404.247 Y109.300 Z-3.000 F300.000 
(End of step 23.) 
G0 Z3.000 
G0 X4.153 Y113.710 
(Begin step 24.) 
G0 X4.153 Y113.710 
(part 1) 
G1 X4.153 Y113.710 Z-1.000 F300.000 
G1 X42.067 Y113.710 Z-2.987 F300.000 
G1 X43.065 Y113.710 Z-3.000 F300.000 
G1 X404.247 Y113.710 Z-3.000 F300.000 
(End of step 24.) 
G0 Z3.000 
G0 X4.153 Y118.120 
(Begin step 25.) 
G0 X4.153 Y118.120 
(part 1) 
G1 X4.153 Y118.120 Z-1.000 F300.000 
G1 X42.067 Y118.120 Z-2.987 F300.000 
G1 X43.065 Y118.120 Z-3.000 F300.000 
G1 X404.247 Y118.120 Z-3.000 F300.000 
(End of step 25.) 
G0 Z3.000 
G0 X4.153 Y122.530 
(Begin step 26.) 
G0 X4.153 Y122.530 
(part 1) 
G1 X4.153 Y122.530 Z-1.000 F300.000 
G1 X42.067 Y122.530 Z-2.987 F300.000 
G1 X43.065 Y122.530 Z-3.000 F300.000 
G1 X404.247 Y122.530 Z-3.000 F300.000 
(End of step 26.) 
G0 Z3.000 
G0 X4.153 Y126.940 
(Begin step 27.) 
G0 X4.153 Y126.940 
(part 1) 
G1 X4.153 Y126.940 Z-1.000 F300.000 
G1 X42.067 Y126.940 Z-2.987 F300.000 
G1 X43.065 Y126.940 Z-3.000 F300.000 
G1 X404.247 Y126.940 Z-3.000 F300.000 
(End of step 27.) 
G0 Z3.000 
G0 X4.153 Y131.350 
(Begin step 28.) 
G0 X4.153 Y131.350 
(part 1) 
G1 X4.153 Y131.350 Z-1.000 F300.000 
G1 X42.067 Y131.350 Z-2.987 F300.000 
G1 X43.065 Y131.350 Z-3.000 F300.000 
G1 X404.247 Y131.350 Z-3.000 F300.000 
(End of step 28.) 
G0 Z3.000 
G0 X4.153 Y135.760 
(Begin step 29.) 
G0 X4.153 Y135.760 
(part 1) 
G1 X4.153 Y135.760 Z-1.000 F300.000 
G1 X42.067 Y135.760 Z-2.987 F300.000 
G1 X43.065 Y135.760 Z-3.000 F300.000 
G1 X404.247 Y135.760 Z-3.000 F300.000 
(End of step 29.) 
G0 Z3.000 
G0 X4.153 Y140.170 
(Begin step 30.) 
G0 X4.153 Y140.170 
(part 1) 
G1 X4.153 Y140.170 Z-1.000 F300.000 
G1 X42.067 Y140.170 Z-2.987 F300.000 
G1 X43.065 Y140.170 Z-3.000 F300.000 
G1 X404.247 Y140.170 Z-3.000 F300.000 
(End of step 30.) 
G0 Z3.000 
G0 X4.153 Y144.580 
(Begin step 31.) 
G0 X4.153 Y144.580 
(part 1) 
G1 X4.153 Y144.580 Z-1.000 F300.000 
G1 X42.067 Y144.580 Z-2.987 F300.000 
G1 X43.065 Y144.580 Z-3.000 F300.000 
G1 X404.247 Y144.580 Z-3.000 F300.000 
(End of step 31.) 
G0 Z3.000 
G0 X4.153 Y148.990 
(Begin step 32.) 
G0 X4.153 Y148.990 
(part 1) 
G1 X4.153 Y148.990 Z-1.000 F300.000 
G1 X42.067 Y148.990 Z-2.987 F300.000 
G1 X43.065 Y148.990 Z-3.000 F300.000 
G1 X404.247 Y148.990 Z-3.000 F300.000 
(End of step 32.) 
G0 Z3.000 
G0 X4.153 Y153.400 
(Begin step 33.) 
G0 X4.153 Y153.400 
(part 1) 
G1 X4.153 Y153.400 Z-1.000 F300.000 
G1 X42.067 Y153.400 Z-2.987 F300.000 
G1 X43.065 Y153.400 Z-3.000 F300.000 
G1 X404.247 Y153.400 Z-3.000 F300.000 
(End of step 33.) 
G0 Z3.000 
G0 X4.153 Y157.810 
(Begin step 34.) 
G0 X4.153 Y157.810 
(part 1) 
G1 X4.153 Y157.810 Z-1.000 F300.000 
G1 X42.067 Y157.810 Z-2.987 F300.000 
G1 X43.065 Y157.810 Z-3.000 F300.000 
G1 X404.247 Y157.810 Z-3.000 F300.000 
(End of step 34.) 
G0 Z3.000 
G0 X4.153 Y162.220 
(Begin step 35.) 
G0 X4.153 Y162.220 
(part 1) 
G1 X4.153 Y162.220 Z-1.000 F300.000 
G1 X42.067 Y162.220 Z-2.987 F300.000 
G1 X43.065 Y162.220 Z-3.000 F300.000 
G1 X404.247 Y162.220 Z-3.000 F300.000 
(End of step 35.) 
G0 Z3.000 
G0 X4.153 Y166.630 
(Begin step 36.) 
G0 X4.153 Y166.630 
(part 1) 
G1 X4.153 Y166.630 Z-1.000 F300.000 
G1 X42.067 Y166.630 Z-2.987 F300.000 
G1 X43.065 Y166.630 Z-3.000 F300.000 
G1 X404.247 Y166.630 Z-3.000 F300.000 
(End of step 36.) 
G0 Z3.000 
G0 X4.153 Y171.040 
(Begin step 37.) 
G0 X4.153 Y171.040 
(part 1) 
G1 X4.153 Y171.040 Z-1.000 F300.000 
G1 X42.067 Y171.040 Z-2.987 F300.000 
G1 X43.065 Y171.040 Z-3.000 F300.000 
G1 X404.247 Y171.040 Z-3.000 F300.000 
(End of step 37.) 
G0 Z3.000 
G0 X4.153 Y175.450 
(Begin step 38.) 
G0 X4.153 Y175.450 
(part 1) 
G1 X4.153 Y175.450 Z-1.000 F300.000 
G1 X42.067 Y175.450 Z-2.987 F300.000 
G1 X43.065 Y175.450 Z-3.000 F300.000 
G1 X404.247 Y175.450 Z-3.000 F300.000 
(End of step 38.) 
G0 Z3.000 
G0 X4.153 Y179.860 
(Begin step 39.) 
G0 X4.153 Y179.860 
(part 1) 
G1 X4.153 Y179.860 Z-1.000 F300.000 
G1 X42.067 Y179.860 Z-2.987 F300.000 
G1 X43.065 Y179.860 Z-3.000 F300.000 
G1 X404.247 Y179.860 Z-3.000 F300.000 
(End of step 39.) 
G0 Z3.000 
G0 X4.153 Y184.270 
(Begin step 40.) 
G0 X4.153 Y184.270 
(part 1) 
G1 X4.153 Y184.270 Z-1.000 F300.000 
G1 X42.067 Y184.270 Z-2.987 F300.000 
G1 X43.065 Y184.270 Z-3.000 F300.000 
G1 X404.247 Y184.270 Z-3.000 F300.000 
(End of step 40.) 
G0 Z3.000 
G0 X4.153 Y188.680 
(Begin step 41.) 
G0 X4.153 Y188.680 
(part 1) 
G1 X4.153 Y188.680 Z-1.000 F300.000 
G1 X42.067 Y188.680 Z-2.987 F300.000 
G1 X43.065 Y188.680 Z-3.000 F300.000 
G1 X404.247 Y188.680 Z-3.000 F300.000 
(End of step 41.) 
G0 Z3.000 
G0 X4.153 Y193.090 
(Begin step 42.) 
G0 X4.153 Y193.090 
(part 1) 
G1 X4.153 Y193.090 Z-1.000 F300.000 
G1 X42.067 Y193.090 Z-2.987 F300.000 
G1 X43.065 Y193.090 Z-3.000 F300.000 
G1 X404.247 Y193.090 Z-3.000 F300.000 
(End of step 42.) 
G0 Z3.000 
G0 X4.153 Y197.500 
(Begin step 43.) 
G0 X4.153 Y197.500 
(part 1) 
G1 X4.153 Y197.500 Z-1.000 F300.000 
G1 X42.067 Y197.500 Z-2.987 F300.000 
G1 X43.065 Y197.500 Z-3.000 F300.000 
G1 X404.247 Y197.500 Z-3.000 F300.000 
(End of step 43.) 
G0 Z3.000 
G0 X4.153 Y201.910 
(Begin step 44.) 
G0 X4.153 Y201.910 
(part 1) 
G1 X4.153 Y201.910 Z-1.000 F300.000 
G1 X42.067 Y201.910 Z-2.987 F300.000 
G1 X43.065 Y201.910 Z-3.000 F300.000 
G1 X404.247 Y201.910 Z-3.000 F300.000 
(End of step 44.) 
G0 Z3.000 
G0 X4.153 Y206.320 
(Begin step 45.) 
G0 X4.153 Y206.320 
(part 1) 
G1 X4.153 Y206.320 Z-1.000 F300.000 
G1 X42.067 Y206.320 Z-2.987 F300.000 
G1 X43.065 Y206.320 Z-3.000 F300.000 
G1 X404.247 Y206.320 Z-3.000 F300.000 
(End of step 45.) 
G0 Z3.000 
G0 X4.153 Y210.730 
(Begin step 46.) 
G0 X4.153 Y210.730 
(part 1) 
G1 X4.153 Y210.730 Z-1.000 F300.000 
G1 X42.067 Y210.730 Z-2.987 F300.000 
G1 X43.065 Y210.730 Z-3.000 F300.000 
G1 X404.247 Y210.730 Z-3.000 F300.000 
(End of step 46.) 
G0 Z3.000 
G0 X4.153 Y215.140 
(Begin step 47.) 
G0 X4.153 Y215.140 
(part 1) 
G1 X4.153 Y215.140 Z-1.000 F300.000 
G1 X42.067 Y215.140 Z-2.987 F300.000 
G1 X43.065 Y215.140 Z-3.000 F300.000 
G1 X404.247 Y215.140 Z-3.000 F300.000 
(End of step 47.) 
G0 Z3.000 
G0 X4.153 Y219.550 
(Begin step 48.) 
G0 X4.153 Y219.550 
(part 1) 
G1 X4.153 Y219.550 Z-1.000 F300.000 
G1 X42.067 Y219.550 Z-2.987 F300.000 
G1 X43.065 Y219.550 Z-3.000 F300.000 
G1 X404.247 Y219.550 Z-3.000 F300.000 
(End of step 48.) 
G0 Z3.000 
G0 X4.153 Y223.960 
(Begin step 49.) 
G0 X4.153 Y223.960 
(part 1) 
G1 X4.153 Y223.960 Z-1.000 F300.000 
G1 X42.067 Y223.960 Z-2.987 F300.000 
G1 X43.065 Y223.960 Z-3.000 F300.000 
G1 X404.247 Y223.960 Z-3.000 F300.000 
(End of step 49.) 
G0 Z3.000 
G0 X4.153 Y228.370 
(Begin step 50.) 
G0 X4.153 Y228.370 
(part 1) 
G1 X4.153 Y228.370 Z-1.000 F300.000 
G1 X42.067 Y228.370 Z-2.987 F300.000 
G1 X43.065 Y228.370 Z-3.000 F300.000 
G1 X404.247 Y228.370 Z-3.000 F300.000 
(End of step 50.) 
G0 Z3.000 
G0 X4.153 Y232.780 
(Begin step 51.) 
G0 X4.153 Y232.780 
(part 1) 
G1 X4.153 Y232.780 Z-1.000 F300.000 
G1 X42.067 Y232.780 Z-2.987 F300.000 
G1 X43.065 Y232.780 Z-3.000 F300.000 
G1 X404.247 Y232.780 Z-3.000 F300.000 
(End of step 51.) 
G0 Z3.000 
G0 X4.153 Y237.190 
(Begin step 52.) 
G0 X4.153 Y237.190 
(part 1) 
G1 X4.153 Y237.190 Z-1.000 F300.000 
G1 X42.067 Y237.190 Z-2.987 F300.000 
G1 X43.065 Y237.190 Z-3.000 F300.000 
G1 X404.247 Y237.190 Z-3.000 F300.000 
(End of step 52.) 
G0 Z3.000 
G0 X4.153 Y241.600 
(Begin step 53.) 
G0 X4.153 Y241.600 
(part 1) 
G1 X4.153 Y241.600 Z-1.000 F300.000 
G1 X42.067 Y241.600 Z-2.987 F300.000 
G1 X43.065 Y241.600 Z-3.000 F300.000 
G1 X404.247 Y241.600 Z-3.000 F300.000 
(End of step 53.) 
G0 Z3.000 
G0 X4.153 Y246.010 
(Begin step 54.) 
G0 X4.153 Y246.010 
(part 1) 
G1 X4.153 Y246.010 Z-1.000 F300.000 
G1 X42.067 Y246.010 Z-2.987 F300.000 
G1 X43.065 Y246.010 Z-3.000 F300.000 
G1 X404.247 Y246.010 Z-3.000 F300.000 
(End of step 54.) 
G0 Z3.000 
G0 X4.153 Y250.420 
(Begin step 55.) 
G0 X4.153 Y250.420 
(part 1) 
G1 X4.153 Y250.420 Z-1.000 F300.000 
G1 X42.067 Y250.420 Z-2.987 F300.000 
G1 X43.065 Y250.420 Z-3.000 F300.000 
G1 X404.247 Y250.420 Z-3.000 F300.000 
(End of step 55.) 
G0 Z3.000 
G0 X4.153 Y254.830 
(Begin step 56.) 
G0 X4.153 Y254.830 
(part 1) 
G1 X4.153 Y254.830 Z-1.000 F300.000 
G1 X42.067 Y254.830 Z-2.987 F300.000 
G1 X43.065 Y254.830 Z-3.000 F300.000 
G1 X404.247 Y254.830 Z-3.000 F300.000 
(End of step 56.) 
G0 Z3.000 
G0 X4.153 Y259.240 
(Begin step 57.) 
G0 X4.153 Y259.240 
(part 1) 
G1 X4.153 Y259.240 Z-1.000 F300.000 
G1 X42.067 Y259.240 Z-2.987 F300.000 
G1 X43.065 Y259.240 Z-3.000 F300.000 
G1 X404.247 Y259.240 Z-3.000 F300.000 
(End of step 57.) 
G0 Z3.000 
G0 X4.153 Y263.650 
(Begin step 58.) 
G0 X4.153 Y263.650 
(part 1) 
G1 X4.153 Y263.650 Z-1.000 F300.000 
G1 X42.067 Y263.650 Z-2.987 F300.000 
G1 X43.065 Y263.650 Z-3.000 F300.000 
G1 X404.247 Y263.650 Z-3.000 F300.000 
(End of step 58.) 
G0 Z3.000 
G0 X4.153 Y268.060 
(Begin step 59.) 
G0 X4.153 Y268.060 
(part 1) 
G1 X4.153 Y268.060 Z-1.000 F300.000 
G1 X42.067 Y268.060 Z-2.987 F300.000 
G1 X43.065 Y268.060 Z-3.000 F300.000 
G1 X404.247 Y268.060 Z-3.000 F300.000 
(End of step 59.) 
G0 Z3.000 
G0 X4.153 Y272.470 
(Begin step 60.) 
G0 X4.153 Y272.470 
(part 1) 
G1 X4.153 Y272.470 Z-1.000 F300.000 
G1 X42.067 Y272.470 Z-2.987 F300.000 
G1 X43.065 Y272.470 Z-3.000 F300.000 
G1 X404.247 Y272.470 Z-3.000 F300.000 
(End of step 60.) 
G0 Z3.000 
G0 X4.153 Y276.880 
(Begin step 61.) 
G0 X4.153 Y276.880 
(part 1) 
G1 X4.153 Y276.880 Z-1.000 F300.000 
G1 X42.067 Y276.880 Z-2.987 F300.000 
G1 X43.065 Y276.880 Z-3.000 F300.000 
G1 X404.247 Y276.880 Z-3.000 F300.000 
(End of step 61.) 
G0 Z3.000 
G0 X4.153 Y281.290 
(Begin step 62.) 
G0 X4.153 Y281.290 
(part 1) 
G1 X4.153 Y281.290 Z-1.000 F300.000 
G1 X42.067 Y281.290 Z-2.987 F300.000 
G1 X43.065 Y281.290 Z-3.000 F300.000 
G1 X404.247 Y281.290 Z-3.000 F300.000 
(End of step 62.) 
G0 Z3.000 
G0 X4.153 Y285.700 
(Begin step 63.) 
G0 X4.153 Y285.700 
(part 1) 
G1 X4.153 Y285.700 Z-1.000 F300.000 
G1 X42.067 Y285.700 Z-2.987 F300.000 
G1 X43.065 Y285.700 Z-3.000 F300.000 
G1 X404.247 Y285.700 Z-3.000 F300.000 
(End of step 63.) 
G0 Z3.000 
G0 X4.153 Y290.110 
(Begin step 64.) 
G0 X4.153 Y290.110 
(part 1) 
G1 X4.153 Y290.110 Z-1.000 F300.000 
G1 X42.067 Y290.110 Z-2.987 F300.000 
G1 X43.065 Y290.110 Z-3.000 F300.000 
G1 X404.247 Y290.110 Z-3.000 F300.000 
(End of step 64.) 
G0 Z3.000 
G0 X4.153 Y294.520 
(Begin step 65.) 
G0 X4.153 Y294.520 
(part 1) 
G1 X4.153 Y294.520 Z-1.000 F300.000 
G1 X42.067 Y294.520 Z-2.987 F300.000 
G1 X43.065 Y294.520 Z-3.000 F300.000 
G1 X404.247 Y294.520 Z-3.000 F300.000 
(End of step 65.) 
G0 Z3.000 
G0 X4.153 Y298.930 
(Begin step 66.) 
G0 X4.153 Y298.930 
(part 1) 
G1 X4.153 Y298.930 Z-1.000 F300.000 
G1 X42.067 Y298.930 Z-2.987 F300.000 
G1 X43.065 Y298.930 Z-3.000 F300.000 
G1 X404.247 Y298.930 Z-3.000 F300.000 
(End of step 66.) 
(End of layer 0) 
(Layer 1 begins) 
(Layer transition) 
G0 Z3.000 
G0 X4.153 Y7.870 
(Begin step 0.) 
G0 X4.153 Y7.870 
(part 1) 
G1 X4.153 Y7.870 Z-1.000 F300.000 
G1 X98.938 Y7.870 Z-5.968 F300.000 
G1 X99.936 Y7.870 Z-6.000 F300.000 
G1 X404.247 Y7.870 Z-6.000 F300.000 
(End of step 0.) 
G0 Z3.000 
G0 X4.153 Y12.280 
(Begin step 1.) 
G0 X4.153 Y12.280 
(part 1) 
G1 X4.153 Y12.280 Z-1.000 F300.000 
G1 X98.938 Y12.280 Z-5.968 F300.000 
G1 X99.936 Y12.280 Z-6.000 F300.000 
G1 X404.247 Y12.280 Z-6.000 F300.000 
(End of step 1.) 
G0 Z3.000 
G0 X4.153 Y16.690 
(Begin step 2.) 
G0 X4.153 Y16.690 
(part 1) 
G1 X4.153 Y16.690 Z-1.000 F300.000 
G1 X98.938 Y16.690 Z-5.968 F300.000 
G1 X99.936 Y16.690 Z-6.000 F300.000 
G1 X404.247 Y16.690 Z-6.000 F300.000 
(End of step 2.) 
G0 Z3.000 
G0 X4.153 Y21.100 
(Begin step 3.) 
G0 X4.153 Y21.100 
(part 1) 
G1 X4.153 Y21.100 Z-1.000 F300.000 
G1 X98.938 Y21.100 Z-5.968 F300.000 
G1 X99.936 Y21.100 Z-6.000 F300.000 
G1 X404.247 Y21.100 Z-6.000 F300.000 
(End of step 3.) 
G0 Z3.000 
G0 X4.153 Y25.510 
(Begin step 4.) 
G0 X4.153 Y25.510 
(part 1) 
G1 X4.153 Y25.510 Z-1.000 F300.000 
G1 X98.938 Y25.510 Z-5.968 F300.000 
G1 X99.936 Y25.510 Z-6.000 F300.000 
G1 X404.247 Y25.510 Z-6.000 F300.000 
(End of step 4.) 
G0 Z3.000 
G0 X4.153 Y29.920 
(Begin step 5.) 
G0 X4.153 Y29.920 
(part 1) 
G1 X4.153 Y29.920 Z-1.000 F300.000 
G1 X98.938 Y29.920 Z-5.968 F300.000 
G1 X99.936 Y29.920 Z-6.000 F300.000 
G1 X404.247 Y29.920 Z-6.000 F300.000 
(End of step 5.) 
G0 Z3.000 
G0 X4.153 Y34.330 
(Begin step 6.) 
G0 X4.153 Y34.330 
(part 1) 
G1 X4.153 Y34.330 Z-1.000 F300.000 
G1 X98.938 Y34.330 Z-5.968 F300.000 
G1 X99.936 Y34.330 Z-6.000 F300.000 
G1 X404.247 Y34.330 Z-6.000 F300.000 
(End of step 6.) 
G0 Z3.000 
G0 X4.153 Y38.740 
(Begin step 7.) 
G0 X4.153 Y38.740 
(part 1) 
G1 X4.153 Y38.740 Z-1.000 F300.000 
G1 X98.938 Y38.740 Z-5.968 F300.000 
G1 X99.936 Y38.740 Z-6.000 F300.000 
G1 X404.247 Y38.740 Z-6.000 F300.000 
(End of step 7.) 
G0 Z3.000 
G0 X4.153 Y43.150 
(Begin step 8.) 
G0 X4.153 Y43.150 
(part 1) 
G1 X4.153 Y43.150 Z-1.000 F300.000 
G1 X98.938 Y43.150 Z-5.968 F300.000 
G1 X99.936 Y43.150 Z-6.000 F300.000 
G1 X404.247 Y43.150 Z-6.000 F300.000 
(End of step 8.) 
G0 Z3.000 
G0 X4.153 Y47.560 
(Begin step 9.) 
G0 X4.153 Y47.560 
(part 1) 
G1 X4.153 Y47.560 Z-1.000 F300.000 
G1 X98.938 Y47.560 Z-5.968 F300.000 
G1 X99.936 Y47.560 Z-6.000 F300.000 
G1 X404.247 Y47.560 Z-6.000 F300.000 
(End of step 9.) 
G0 Z3.000 
G0 X4.153 Y51.970 
(Begin step 10.) 
G0 X4.153 Y51.970 
(part 1) 
G1 X4.153 Y51.970 Z-1.000 F300.000 
G1 X98.938 Y51.970 Z-5.968 F300.000 
G1 X99.936 Y51.970 Z-6.000 F300.000 
G1 X404.247 Y51.970 Z-6.000 F300.000 
(End of step 10.) 
G0 Z3.000 
G0 X4.153 Y56.380 
(Begin step 11.) 
G0 X4.153 Y56.380 
(part 1) 
G1 X4.153 Y56.380 Z-1.000 F300.000 
G1 X98.938 Y56.380 Z-5.968 F300.000 
G1 X99.936 Y56.380 Z-6.000 F300.000 
G1 X404.247 Y56.380 Z-6.000 F300.000 
(End of step 11.) 
G0 Z3.000 
G0 X4.153 Y60.790 
(Begin step 12.) 
G0 X4.153 Y60.790 
(part 1) 
G1 X4.153 Y60.790 Z-1.000 F300.000 
G1 X98.938 Y60.790 Z-5.968 F300.000 
G1 X99.936 Y60.790 Z-6.000 F300.000 
G1 X404.247 Y60.790 Z-6.000 F300.000 
(End of step 12.) 
G0 Z3.000 
G0 X4.153 Y65.200 
(Begin step 13.) 
G0 X4.153 Y65.200 
(part 1) 
G1 X4.153 Y65.200 Z-1.000 F300.000 
G1 X98.938 Y65.200 Z-5.968 F300.000 
G1 X99.936 Y65.200 Z-6.000 F300.000 
G1 X404.247 Y65.200 Z-6.000 F300.000 
(End of step 13.) 
G0 Z3.000 
G0 X4.153 Y69.610 
(Begin step 14.) 
G0 X4.153 Y69.610 
(part 1) 
G1 X4.153 Y69.610 Z-1.000 F300.000 
G1 X98.938 Y69.610 Z-5.968 F300.000 
G1 X99.936 Y69.610 Z-6.000 F300.000 
G1 X404.247 Y69.610 Z-6.000 F300.000 
(End of step 14.) 
G0 Z3.000 
G0 X4.153 Y74.020 
(Begin step 15.) 
G0 X4.153 Y74.020 
(part 1) 
G1 X4.153 Y74.020 Z-1.000 F300.000 
G1 X98.938 Y74.020 Z-5.968 F300.000 
G1 X99.936 Y74.020 Z-6.000 F300.000 
G1 X404.247 Y74.020 Z-6.000 F300.000 
(End of step 15.) 
G0 Z3.000 
G0 X4.153 Y78.430 
(Begin step 16.) 
G0 X4.153 Y78.430 
(part 1) 
G1 X4.153 Y78.430 Z-1.000 F300.000 
G1 X98.938 Y78.430 Z-5.968 F300.000 
G1 X99.936 Y78.430 Z-6.000 F300.000 
G1 X404.247 Y78.430 Z-6.000 F300.000 
(End of step 16.) 
G0 Z3.000 
G0 X4.153 Y82.840 
(Begin step 17.) 
G0 X4.153 Y82.840 
(part 1) 
G1 X4.153 Y82.840 Z-1.000 F300.000 
G1 X98.938 Y82.840 Z-5.968 F300.000 
G1 X99.936 Y82.840 Z-6.000 F300.000 
G1 X404.247 Y82.840 Z-6.000 F300.000 
(End of step 17.) 
G0 Z3.000 
G0 X4.153 Y87.250 
(Begin step 18.) 
G0 X4.153 Y87.250 
(part 1) 
G1 X4.153 Y87.250 Z-1.000 F300.000 
G1 X98.938 Y87.250 Z-5.968 F300.000 
G1 X99.936 Y87.250 Z-6.000 F300.000 
G1 X404.247 Y87.250 Z-6.000 F300.000 
(End of step 18.) 
G0 Z3.000 
G0 X4.153 Y91.660 
(Begin step 19.) 
G0 X4.153 Y91.660 
(part 1) 
G1 X4.153 Y91.660 Z-1.000 F300.000 
G1 X98.938 Y91.660 Z-5.968 F300.000 
G1 X99.936 Y91.660 Z-6.000 F300.000 
G1 X404.247 Y91.660 Z-6.000 F300.000 
(End of step 19.) 
G0 Z3.000 
G0 X4.153 Y96.070 
(Begin step 20.) 
G0 X4.153 Y96.070 
(part 1) 
G1 X4.153 Y96.070 Z-1.000 F300.000 
G1 X98.938 Y96.070 Z-5.968 F300.000 
G1 X99.936 Y96.070 Z-6.000 F300.000 
G1 X404.247 Y96.070 Z-6.000 F300.000 
(End of step 20.) 
G0 Z3.000 
G0 X4.153 Y100.480 
(Begin step 21.) 
G0 X4.153 Y100.480 
(part 1) 
G1 X4.153 Y100.480 Z-1.000 F300.000 
G1 X98.938 Y100.480 Z-5.968 F300.000 
G1 X99.936 Y100.480 Z-6.000 F300.000 
G1 X404.247 Y100.480 Z-6.000 F300.000 
(End of step 21.) 
G0 Z3.000 
G0 X4.153 Y104.890 
(Begin step 22.) 
G0 X4.153 Y104.890 
(part 1) 
G1 X4.153 Y104.890 Z-1.000 F300.000 
G1 X98.938 Y104.890 Z-5.968 F300.000 
G1 X99.936 Y104.890 Z-6.000 F300.000 
G1 X404.247 Y104.890 Z-6.000 F300.000 
(End of step 22.) 
G0 Z3.000 
G0 X4.153 Y109.300 
(Begin step 23.) 
G0 X4.153 Y109.300 
(part 1) 
G1 X4.153 Y109.300 Z-1.000 F300.000 
G1 X98.938 Y109.300 Z-5.968 F300.000 
G1 X99.936 Y109.300 Z-6.000 F300.000 
G1 X404.247 Y109.300 Z-6.000 F300.000 
(End of step 23.) 
G0 Z3.000 
G0 X4.153 Y113.710 
(Begin step 24.) 
G0 X4.153 Y113.710 
(part 1) 
G1 X4.153 Y113.710 Z-1.000 F300.000 
G1 X98.938 Y113.710 Z-5.968 F300.000 
G1 X99.936 Y113.710 Z-6.000 F300.000 
G1 X404.247 Y113.710 Z-6.000 F300.000 
(End of step 24.) 
G0 Z3.000 
G0 X4.153 Y118.120 
(Begin step 25.) 
G0 X4.153 Y118.120 
(part 1) 
G1 X4.153 Y118.120 Z-1.000 F300.000 
G1 X98.938 Y118.120 Z-5.968 F300.000 
G1 X99.936 Y118.120 Z-6.000 F300.000 
G1 X404.247 Y118.120 Z-6.000 F300.000 
(End of step 25.) 
G0 Z3.000 
G0 X4.153 Y122.530 
(Begin step 26.) 
G0 X4.153 Y122.530 
(part 1) 
G1 X4.153 Y122.530 Z-1.000 F300.000 
G1 X98.938 Y122.530 Z-5.968 F300.000 
G1 X99.936 Y122.530 Z-6.000 F300.000 
G1 X404.247 Y122.530 Z-6.000 F300.000 
(End of step 26.) 
G0 Z3.000 
G0 X4.153 Y126.940 
(Begin step 27.) 
G0 X4.153 Y126.940 
(part 1) 
G1 X4.153 Y126.940 Z-1.000 F300.000 
G1 X98.938 Y126.940 Z-5.968 F300.000 
G1 X99.936 Y126.940 Z-6.000 F300.000 
G1 X404.247 Y126.940 Z-6.000 F300.000 
(End of step 27.) 
G0 Z3.000 
G0 X4.153 Y131.350 
(Begin step 28.) 
G0 X4.153 Y131.350 
(part 1) 
G1 X4.153 Y131.350 Z-1.000 F300.000 
G1 X98.938 Y131.350 Z-5.968 F300.000 
G1 X99.936 Y131.350 Z-6.000 F300.000 
G1 X404.247 Y131.350 Z-6.000 F300.000 
(End of step 28.) 
G0 Z3.000 
G0 X4.153 Y135.760 
(Begin step 29.) 
G0 X4.153 Y135.760 
(part 1) 
G1 X4.153 Y135.760 Z-1.000 F300.000 
G1 X98.938 Y135.760 Z-5.968 F300.000 
G1 X99.936 Y135.760 Z-6.000 F300.000 
G1 X404.247 Y135.760 Z-6.000 F300.000 
(End of step 29.) 
G0 Z3.000 
G0 X4.153 Y140.170 
(Begin step 30.) 
G0 X4.153 Y140.170 
(part 1) 
G1 X4.153 Y140.170 Z-1.000 F300.000 
G1 X98.938 Y140.170 Z-5.968 F300.000 
G1 X99.936 Y140.170 Z-6.000 F300.000 
G1 X404.247 Y140.170 Z-6.000 F300.000 
(End of step 30.) 
G0 Z3.000 
G0 X4.153 Y144.580 
(Begin step 31.) 
G0 X4.153 Y144.580 
(part 1) 
G1 X4.153 Y144.580 Z-1.000 F300.000 
G1 X98.938 Y144.580 Z-5.968 F300.000 
G1 X99.936 Y144.580 Z-6.000 F300.000 
G1 X404.247 Y144.580 Z-6.000 F300.000 
(End of step 31.) 
G0 Z3.000 
G0 X4.153 Y148.990 
(Begin step 32.) 
G0 X4.153 Y148.990 
(part 1) 
G1 X4.153 Y148.990 Z-1.000 F300.000 
G1 X98.938 Y148.990 Z-5.968 F300.000 
G1 X99.936 Y148.990 Z-6.000 F300.000 
G1 X404.247 Y148.990 Z-6.000 F300.000 
(End of step 32.) 
G0 Z3.000 
G0 X4.153 Y153.400 
(Begin step 33.) 
G0 X4.153 Y153.400 
(part 1) 
G1 X4.153 Y153.400 Z-1.000 F300.000 
G1 X98.938 Y153.400 Z-5.968 F300.000 
G1 X99.936 Y153.400 Z-6.000 F300.000 
G1 X404.247 Y153.400 Z-6.000 F300.000 
(End of step 33.) 
G0 Z3.000 
G0 X4.153 Y157.810 
(Begin step 34.) 
G0 X4.153 Y157.810 
(part 1) 
G1 X4.153 Y157.810 Z-1.000 F300.000 
G1 X98.938 Y157.810 Z-5.968 F300.000 
G1 X99.936 Y157.810 Z-6.000 F300.000 
G1 X404.247 Y157.810 Z-6.000 F300.000 
(End of step 34.) 
G0 Z3.000 
G0 X4.153 Y162.220 
(Begin step 35.) 
G0 X4.153 Y162.220 
(part 1) 
G1 X4.153 Y162.220 Z-1.000 F300.000 
G1 X98.938 Y162.220 Z-5.968 F300.000 
G1 X99.936 Y162.220 Z-6.000 F300.000 
G1 X404.247 Y162.220 Z-6.000 F300.000 
(End of step 35.) 
G0 Z3.000 
G0 X4.153 Y166.630 
(Begin step 36.) 
G0 X4.153 Y166.630 
(part 1) 
G1 X4.153 Y166.630 Z-1.000 F300.000 
G1 X98.938 Y166.630 Z-5.968 F300.000 
G1 X99.936 Y166.630 Z-6.000 F300.000 
G1 X404.247 Y166.630 Z-6.000 F300.000 
(End of step 36.) 
G0 Z3.000 
G0 X4.153 Y171.040 
(Begin step 37.) 
G0 X4.153 Y171.040 
(part 1) 
G1 X4.153 Y171.040 Z-1.000 F300.000 
G1 X98.938 Y171.040 Z-5.968 F300.000 
G1 X99.936 Y171.040 Z-6.000 F300.000 
G1 X404.247 Y171.040 Z-6.000 F300.000 
(End of step 37.) 
G0 Z3.000 
G0 X4.153 Y175.450 
(Begin step 38.) 
G0 X4.153 Y175.450 
(part 1) 
G1 X4.153 Y175.450 Z-1.000 F300.000 
G1 X98.938 Y175.450 Z-5.968 F300.000 
G1 X99.936 Y175.450 Z-6.000 F300.000 
G1 X404.247 Y175.450 Z-6.000 F300.000 
(End of step 38.) 
G0 Z3.000 
G0 X4.153 Y179.860 
(Begin step 39.) 
G0 X4.153 Y179.860 
(part 1) 
G1 X4.153 Y179.860 Z-1.000 F300.000 
G1 X98.938 Y179.860 Z-5.968 F300.000 
G1 X99.936 Y179.860 Z-6.000 F300.000 
G1 X404.247 Y179.860 Z-6.000 F300.000 
(End of step 39.) 
G0 Z3.000 
G0 X4.153 Y184.270 
(Begin step 40.) 
G0 X4.153 Y184.270 
(part 1) 
G1 X4.153 Y184.270 Z-1.000 F300.000 
G1 X98.938 Y184.270 Z-5.968 F300.000 
G1 X99.936 Y184.270 Z-6.000 F300.000 
G1 X404.247 Y184.270 Z-6.000 F300.000 
(End of step 40.) 
G0 Z3.000 
G0 X4.153 Y188.680 
(Begin step 41.) 
G0 X4.153 Y188.680 
(part 1) 
G1 X4.153 Y188.680 Z-1.000 F300.000 
G1 X98.938 Y188.680 Z-5.968 F300.000 
G1 X99.936 Y188.680 Z-6.000 F300.000 
G1 X404.247 Y188.680 Z-6.000 F300.000 
(End of step 41.) 
G0 Z3.000 
G0 X4.153 Y193.090 
(Begin step 42.) 
G0 X4.153 Y193.090 
(part 1) 
G1 X4.153 Y193.090 Z-1.000 F300.000 
G1 X98.938 Y193.090 Z-5.968 F300.000 
G1 X99.936 Y193.090 Z-6.000 F300.000 
G1 X404.247 Y193.090 Z-6.000 F300.000 
(End of step 42.) 
G0 Z3.000 
G0 X4.153 Y197.500 
(Begin step 43.) 
G0 X4.153 Y197.500 
(part 1) 
G1 X4.153 Y197.500 Z-1.000 F300.000 
G1 X98.938 Y197.500 Z-5.968 F300.000 
G1 X99.936 Y197.500 Z-6.000 F300.000 
G1 X404.247 Y197.500 Z-6.000 F300.000 
(End of step 43.) 
G0 Z3.000 
G0 X4.153 Y201.910 
(Begin step 44.) 
G0 X4.153 Y201.910 
(part 1) 
G1 X4.153 Y201.910 Z-1.000 F300.000 
G1 X98.938 Y201.910 Z-5.968 F300.000 
G1 X99.936 Y201.910 Z-6.000 F300.000 
G1 X404.247 Y201.910 Z-6.000 F300.000 
(End of step 44.) 
G0 Z3.000 
G0 X4.153 Y206.320 
(Begin step 45.) 
G0 X4.153 Y206.320 
(part 1) 
G1 X4.153 Y206.320 Z-1.000 F300.000 
G1 X98.938 Y206.320 Z-5.968 F300.000 
G1 X99.936 Y206.320 Z-6.000 F300.000 
G1 X404.247 Y206.320 Z-6.000 F300.000 
(End of step 45.) 
G0 Z3.000 
G0 X4.153 Y210.730 
(Begin step 46.) 
G0 X4.153 Y210.730 
(part 1) 
G1 X4.153 Y210.730 Z-1.000 F300.000 
G1 X98.938 Y210.730 Z-5.968 F300.000 
G1 X99.936 Y210.730 Z-6.000 F300.000 
G1 X404.247 Y210.730 Z-6.000 F300.000 
(End of step 46.) 
G0 Z3.000 
G0 X4.153 Y215.140 
(Begin step 47.) 
G0 X4.153 Y215.140 
(part 1) 
G1 X4.153 Y215.140 Z-1.000 F300.000 
G1 X98.938 Y215.140 Z-5.968 F300.000 
G1 X99.936 Y215.140 Z-6.000 F300.000 
G1 X404.247 Y215.140 Z-6.000 F300.000 
(End of step 47.) 
G0 Z3.000 
G0 X4.153 Y219.550 
(Begin step 48.) 
G0 X4.153 Y219.550 
(part 1) 
G1 X4.153 Y219.550 Z-1.000 F300.000 
G1 X98.938 Y219.550 Z-5.968 F300.000 
G1 X99.936 Y219.550 Z-6.000 F300.000 
G1 X404.247 Y219.550 Z-6.000 F300.000 
(End of step 48.) 
G0 Z3.000 
G0 X4.153 Y223.960 
(Begin step 49.) 
G0 X4.153 Y223.960 
(part 1) 
G1 X4.153 Y223.960 Z-1.000 F300.000 
G1 X98.938 Y223.960 Z-5.968 F300.000 
G1 X99.936 Y223.960 Z-6.000 F300.000 
G1 X404.247 Y223.960 Z-6.000 F300.000 
(End of step 49.) 
G0 Z3.000 
G0 X4.153 Y228.370 
(Begin step 50.) 
G0 X4.153 Y228.370 
(part 1) 
G1 X4.153 Y228.370 Z-1.000 F300.000 
G1 X98.938 Y228.370 Z-5.968 F300.000 
G1 X99.936 Y228.370 Z-6.000 F300.000 
G1 X404.247 Y228.370 Z-6.000 F300.000 
(End of step 50.) 
G0 Z3.000 
G0 X4.153 Y232.780 
(Begin step 51.) 
G0 X4.153 Y232.780 
(part 1) 
G1 X4.153 Y232.780 Z-1.000 F300.000 
G1 X98.938 Y232.780 Z-5.968 F300.000 
G1 X99.936 Y232.780 Z-6.000 F300.000 
G1 X404.247 Y232.780 Z-6.000 F300.000 
(End of step 51.) 
G0 Z3.000 
G0 X4.153 Y237.190 
(Begin step 52.) 
G0 X4.153 Y237.190 
(part 1) 
G1 X4.153 Y237.190 Z-1.000 F300.000 
G1 X98.938 Y237.190 Z-5.968 F300.000 
G1 X99.936 Y237.190 Z-6.000 F300.000 
G1 X404.247 Y237.190 Z-6.000 F300.000 
(End of step 52.) 
G0 Z3.000 
G0 X4.153 Y241.600 
(Begin step 53.) 
G0 X4.153 Y241.600 
(part 1) 
G1 X4.153 Y241.600 Z-1.000 F300.000 
G1 X98.938 Y241.600 Z-5.968 F300.000 
G1 X99.936 Y241.600 Z-6.000 F300.000 
G1 X404.247 Y241.600 Z-6.000 F300.000 
(End of step 53.) 
G0 Z3.000 
G0 X4.153 Y246.010 
(Begin step 54.) 
G0 X4.153 Y246.010 
(part 1) 
G1 X4.153 Y246.010 Z-1.000 F300.000 
G1 X98.938 Y246.010 Z-5.968 F300.000 
G1 X99.936 Y246.010 Z-6.000 F300.000 
G1 X404.247 Y246.010 Z-6.000 F300.000 
(End of step 54.) 
G0 Z3.000 
G0 X4.153 Y250.420 
(Begin step 55.) 
G0 X4.153 Y250.420 
(part 1) 
G1 X4.153 Y250.420 Z-1.000 F300.000 
G1 X98.938 Y250.420 Z-5.968 F300.000 
G1 X99.936 Y250.420 Z-6.000 F300.000 
G1 X404.247 Y250.420 Z-6.000 F300.000 
(End of step 55.) 
G0 Z3.000 
G0 X4.153 Y254.830 
(Begin step 56.) 
G0 X4.153 Y254.830 
(part 1) 
G1 X4.153 Y254.830 Z-1.000 F300.000 
G1 X98.938 Y254.830 Z-5.968 F300.000 
G1 X99.936 Y254.830 Z-6.000 F300.000 
G1 X404.247 Y254.830 Z-6.000 F300.000 
(End of step 56.) 
G0 Z3.000 
G0 X4.153 Y259.240 
(Begin step 57.) 
G0 X4.153 Y259.240 
(part 1) 
G1 X4.153 Y259.240 Z-1.000 F300.000 
G1 X98.938 Y259.240 Z-5.968 F300.000 
G1 X99.936 Y259.240 Z-6.000 F300.000 
G1 X404.247 Y259.240 Z-6.000 F300.000 
(End of step 57.) 
G0 Z3.000 
G0 X4.153 Y263.650 
(Begin step 58.) 
G0 X4.153 Y263.650 
(part 1) 
G1 X4.153 Y263.650 Z-1.000 F300.000 
G1 X98.938 Y263.650 Z-5.968 F300.000 
G1 X99.936 Y263.650 Z-6.000 F300.000 
G1 X404.247 Y263.650 Z-6.000 F300.000 
(End of step 58.) 
G0 Z3.000 
G0 X4.153 Y268.060 
(Begin step 59.) 
G0 X4.153 Y268.060 
(part 1) 
G1 X4.153 Y268.060 Z-1.000 F300.000 
G1 X98.938 Y268.060 Z-5.968 F300.000 
G1 X99.936 Y268.060 Z-6.000 F300.000 
G1 X404.247 Y268.060 Z-6.000 F300.000 
(End of step 59.) 
G0 Z3.000 
G0 X4.153 Y272.470 
(Begin step 60.) 
G0 X4.153 Y272.470 
(part 1) 
G1 X4.153 Y272.470 Z-1.000 F300.000 
G1 X98.938 Y272.470 Z-5.968 F300.000 
G1 X99.936 Y272.470 Z-6.000 F300.000 
G1 X404.247 Y272.470 Z-6.000 F300.000 
(End of step 60.) 
G0 Z3.000 
G0 X4.153 Y276.880 
(Begin step 61.) 
G0 X4.153 Y276.880 
(part 1) 
G1 X4.153 Y276.880 Z-1.000 F300.000 
G1 X98.938 Y276.880 Z-5.968 F300.000 
G1 X99.936 Y276.880 Z-6.000 F300.000 
G1 X404.247 Y276.880 Z-6.000 F300.000 
(End of step 61.) 
G0 Z3.000 
G0 X4.153 Y281.290 
(Begin step 62.) 
G0 X4.153 Y281.290 
(part 1) 
G1 X4.153 Y281.290 Z-1.000 F300.000 
G1 X98.938 Y281.290 Z-5.968 F300.000 
G1 X99.936 Y281.290 Z-6.000 F300.000 
G1 X404.247 Y281.290 Z-6.000 F300.000 
(End of step 62.) 
G0 Z3.000 
G0 X4.153 Y285.700 
(Begin step 63.) 
G0 X4.153 Y285.700 
(part 1) 
G1 X4.153 Y285.700 Z-1.000 F300.000 
G1 X98.938 Y285.700 Z-5.968 F300.000 
G1 X99.936 Y285.700 Z-6.000 F300.000 
G1 X404.247 Y285.700 Z-6.000 F300.000 
(End of step 63.) 
G0 Z3.000 
G0 X4.153 Y290.110 
(Begin step 64.) 
G0 X4.153 Y290.110 
(part 1) 
G1 X4.153 Y290.110 Z-1.000 F300.000 
G1 X98.938 Y290.110 Z-5.968 F300.000 
G1 X99.936 Y290.110 Z-6.000 F300.000 
G1 X404.247 Y290.110 Z-6.000 F300.000 
(End of step 64.) 
G0 Z3.000 
G0 X4.153 Y294.520 
(Begin step 65.) 
G0 X4.153 Y294.520 
(part 1) 
G1 X4.153 Y294.520 Z-1.000 F300.000 
G1 X98.938 Y294.520 Z-5.968 F300.000 
G1 X99.936 Y294.520 Z-6.000 F300.000 
G1 X404.247 Y294.520 Z-6.000 F300.000 
(End of step 65.) 
G0 Z3.000 
G0 X4.153 Y298.930 
(Begin step 66.) 
G0 X4.153 Y298.930 
(part 1) 
G1 X4.153 Y298.930 Z-1.000 F300.000 
G1 X98.938 Y298.930 Z-5.968 F300.000 
G1 X99.936 Y298.930 Z-6.000 F300.000 
G1 X404.247 Y298.930 Z-6.000 F300.000 
(End of step 66.) 
(End of layer 1) 
(Layer 2 begins) 
(Layer transition) 
G0 Z3.000 
G0 X4.153 Y7.870 
(Begin step 0.) 
G0 X4.153 Y7.870 
(part 1) 
G1 X4.153 Y7.870 Z-1.000 F300.000 
G1 X156.807 Y7.870 Z-9.000 F300.000 
G1 X404.247 Y7.870 Z-9.000 F300.000 
(End of step 0.) 
G0 Z3.000 
G0 X4.153 Y12.280 
(Begin step 1.) 
G0 X4.153 Y12.280 
(part 1) 
G1 X4.153 Y12.280 Z-1.000 F300.000 
G1 X156.807 Y12.280 Z-9.000 F300.000 
G1 X404.247 Y12.280 Z-9.000 F300.000 
(End of step 1.) 
G0 Z3.000 
G0 X4.153 Y16.690 
(Begin step 2.) 
G0 X4.153 Y16.690 
(part 1) 
G1 X4.153 Y16.690 Z-1.000 F300.000 
G1 X156.807 Y16.690 Z-9.000 F300.000 
G1 X404.247 Y16.690 Z-9.000 F300.000 
(End of step 2.) 
G0 Z3.000 
G0 X4.153 Y21.100 
(Begin step 3.) 
G0 X4.153 Y21.100 
(part 1) 
G1 X4.153 Y21.100 Z-1.000 F300.000 
G1 X156.807 Y21.100 Z-9.000 F300.000 
G1 X404.247 Y21.100 Z-9.000 F300.000 
(End of step 3.) 
G0 Z3.000 
G0 X4.153 Y25.510 
(Begin step 4.) 
G0 X4.153 Y25.510 
(part 1) 
G1 X4.153 Y25.510 Z-1.000 F300.000 
G1 X156.807 Y25.510 Z-9.000 F300.000 
G1 X404.247 Y25.510 Z-9.000 F300.000 
(End of step 4.) 
G0 Z3.000 
G0 X4.153 Y29.920 
(Begin step 5.) 
G0 X4.153 Y29.920 
(part 1) 
G1 X4.153 Y29.920 Z-1.000 F300.000 
G1 X156.807 Y29.920 Z-9.000 F300.000 
G1 X404.247 Y29.920 Z-9.000 F300.000 
(End of step 5.) 
G0 Z3.000 
G0 X4.153 Y34.330 
(Begin step 6.) 
G0 X4.153 Y34.330 
(part 1) 
G1 X4.153 Y34.330 Z-1.000 F300.000 
G1 X156.807 Y34.330 Z-9.000 F300.000 
G1 X404.247 Y34.330 Z-9.000 F300.000 
(End of step 6.) 
G0 Z3.000 
G0 X4.153 Y38.740 
(Begin step 7.) 
G0 X4.153 Y38.740 
(part 1) 
G1 X4.153 Y38.740 Z-1.000 F300.000 
G1 X156.807 Y38.740 Z-9.000 F300.000 
G1 X404.247 Y38.740 Z-9.000 F300.000 
(End of step 7.) 
G0 Z3.000 
G0 X4.153 Y43.150 
(Begin step 8.) 
G0 X4.153 Y43.150 
(part 1) 
G1 X4.153 Y43.150 Z-1.000 F300.000 
G1 X156.807 Y43.150 Z-9.000 F300.000 
G1 X404.247 Y43.150 Z-9.000 F300.000 
(End of step 8.) 
G0 Z3.000 
G0 X4.153 Y47.560 
(Begin step 9.) 
G0 X4.153 Y47.560 
(part 1) 
G1 X4.153 Y47.560 Z-1.000 F300.000 
G1 X156.807 Y47.560 Z-9.000 F300.000 
G1 X404.247 Y47.560 Z-9.000 F300.000 
(End of step 9.) 
G0 Z3.000 
G0 X4.153 Y51.970 
(Begin step 10.) 
G0 X4.153 Y51.970 
(part 1) 
G1 X4.153 Y51.970 Z-1.000 F300.000 
G1 X156.807 Y51.970 Z-9.000 F300.000 
G1 X404.247 Y51.970 Z-9.000 F300.000 
(End of step 10.) 
G0 Z3.000 
G0 X4.153 Y56.380 
(Begin step 11.) 
G0 X4.153 Y56.380 
(part 1) 
G1 X4.153 Y56.380 Z-1.000 F300.000 
G1 X156.807 Y56.380 Z-9.000 F300.000 
G1 X404.247 Y56.380 Z-9.000 F300.000 
(End of step 11.) 
G0 Z3.000 
G0 X4.153 Y60.790 
(Begin step 12.) 
G0 X4.153 Y60.790 
(part 1) 
G1 X4.153 Y60.790 Z-1.000 F300.000 
G1 X156.807 Y60.790 Z-9.000 F300.000 
G1 X404.247 Y60.790 Z-9.000 F300.000 
(End of step 12.) 
G0 Z3.000 
G0 X4.153 Y65.200 
(Begin step 13.) 
G0 X4.153 Y65.200 
(part 1) 
G1 X4.153 Y65.200 Z-1.000 F300.000 
G1 X156.807 Y65.200 Z-9.000 F300.000 
G1 X404.247 Y65.200 Z-9.000 F300.000 
(End of step 13.) 
G0 Z3.000 
G0 X4.153 Y69.610 
(Begin step 14.) 
G0 X4.153 Y69.610 
(part 1) 
G1 X4.153 Y69.610 Z-1.000 F300.000 
G1 X156.807 Y69.610 Z-9.000 F300.000 
G1 X404.247 Y69.610 Z-9.000 F300.000 
(End of step 14.) 
G0 Z3.000 
G0 X4.153 Y74.020 
(Begin step 15.) 
G0 X4.153 Y74.020 
(part 1) 
G1 X4.153 Y74.020 Z-1.000 F300.000 
G1 X156.807 Y74.020 Z-9.000 F300.000 
G1 X404.247 Y74.020 Z-9.000 F300.000 
(End of step 15.) 
G0 Z3.000 
G0 X4.153 Y78.430 
(Begin step 16.) 
G0 X4.153 Y78.430 
(part 1) 
G1 X4.153 Y78.430 Z-1.000 F300.000 
G1 X156.807 Y78.430 Z-9.000 F300.000 
G1 X404.247 Y78.430 Z-9.000 F300.000 
(End of step 16.) 
G0 Z3.000 
G0 X4.153 Y82.840 
(Begin step 17.) 
G0 X4.153 Y82.840 
(part 1) 
G1 X4.153 Y82.840 Z-1.000 F300.000 
G1 X156.807 Y82.840 Z-9.000 F300.000 
G1 X404.247 Y82.840 Z-9.000 F300.000 
(End of step 17.) 
G0 Z3.000 
G0 X4.153 Y87.250 
(Begin step 18.) 
G0 X4.153 Y87.250 
(part 1) 
G1 X4.153 Y87.250 Z-1.000 F300.000 
G1 X156.807 Y87.250 Z-9.000 F300.000 
G1 X404.247 Y87.250 Z-9.000 F300.000 
(End of step 18.) 
G0 Z3.000 
G0 X4.153 Y91.660 
(Begin step 19.) 
G0 X4.153 Y91.660 
(part 1) 
G1 X4.153 Y91.660 Z-1.000 F300.000 
G1 X156.807 Y91.660 Z-9.000 F300.000 
G1 X404.247 Y91.660 Z-9.000 F300.000 
(End of step 19.) 
G0 Z3.000 
G0 X4.153 Y96.070 
(Begin step 20.) 
G0 X4.153 Y96.070 
(part 1) 
G1 X4.153 Y96.070 Z-1.000 F300.000 
G1 X156.807 Y96.070 Z-9.000 F300.000 
G1 X404.247 Y96.070 Z-9.000 F300.000 
(End of step 20.) 
G0 Z3.000 
G0 X4.153 Y100.480 
(Begin step 21.) 
G0 X4.153 Y100.480 
(part 1) 
G1 X4.153 Y100.480 Z-1.000 F300.000 
G1 X156.807 Y100.480 Z-9.000 F300.000 
G1 X404.247 Y100.480 Z-9.000 F300.000 
(End of step 21.) 
G0 Z3.000 
G0 X4.153 Y104.890 
(Begin step 22.) 
G0 X4.153 Y104.890 
(part 1) 
G1 X4.153 Y104.890 Z-1.000 F300.000 
G1 X156.807 Y104.890 Z-9.000 F300.000 
G1 X404.247 Y104.890 Z-9.000 F300.000 
(End of step 22.) 
G0 Z3.000 
G0 X4.153 Y109.300 
(Begin step 23.) 
G0 X4.153 Y109.300 
(part 1) 
G1 X4.153 Y109.300 Z-1.000 F300.000 
G1 X156.807 Y109.300 Z-9.000 F300.000 
G1 X404.247 Y109.300 Z-9.000 F300.000 
(End of step 23.) 
G0 Z3.000 
G0 X4.153 Y113.710 
(Begin step 24.) 
G0 X4.153 Y113.710 
(part 1) 
G1 X4.153 Y113.710 Z-1.000 F300.000 
G1 X156.807 Y113.710 Z-9.000 F300.000 
G1 X404.247 Y113.710 Z-9.000 F300.000 
(End of step 24.) 
G0 Z3.000 
G0 X4.153 Y118.120 
(Begin step 25.) 
G0 X4.153 Y118.120 
(part 1) 
G1 X4.153 Y118.120 Z-1.000 F300.000 
G1 X156.807 Y118.120 Z-9.000 F300.000 
G1 X404.247 Y118.120 Z-9.000 F300.000 
(End of step 25.) 
G0 Z3.000 
G0 X4.153 Y122.530 
(Begin step 26.) 
G0 X4.153 Y122.530 
(part 1) 
G1 X4.153 Y122.530 Z-1.000 F300.000 
G1 X156.807 Y122.530 Z-9.000 F300.000 
G1 X404.247 Y122.530 Z-9.000 F300.000 
(End of step 26.) 
G0 Z3.000 
G0 X4.153 Y126.940 
(Begin step 27.) 
G0 X4.153 Y126.940 
(part 1) 
G1 X4.153 Y126.940 Z-1.000 F300.000 
G1 X156.807 Y126.940 Z-9.000 F300.000 
G1 X404.247 Y126.940 Z-9.000 F300.000 
(End of step 27.) 
G0 Z3.000 
G0 X4.153 Y131.350 
(Begin step 28.) 
G0 X4.153 Y131.350 
(part 1) 
G1 X4.153 Y131.350 Z-1.000 F300.000 
G1 X156.807 Y131.350 Z-9.000 F300.000 
G1 X404.247 Y131.350 Z-9.000 F300.000 
(End of step 28.) 
G0 Z3.000 
G0 X4.153 Y135.760 
(Begin step 29.) 
G0 X4.153 Y135.760 
(part 1) 
G1 X4.153 Y135.760 Z-1.000 F300.000 
G1 X156.807 Y135.760 Z-9.000 F300.000 
G1 X404.247 Y135.760 Z-9.000 F300.000 
(End of step 29.) 
G0 Z3.000 
G0 X4.153 Y140.170 
(Begin step 30.) 
G0 X4.153 Y140.170 
(part 1) 
G1 X4.153 Y140.170 Z-1.000 F300.000 
G1 X156.807 Y140.170 Z-9.000 F300.000 
G1 X404.247 Y140.170 Z-9.000 F300.000 
(End of step 30.) 
G0 Z3.000 
G0 X4.153 Y144.580 
(Begin step 31.) 
G0 X4.153 Y144.580 
(part 1) 
G1 X4.153 Y144.580 Z-1.000 F300.000 
G1 X156.807 Y144.580 Z-9.000 F300.000 
G1 X404.247 Y144.580 Z-9.000 F300.000 
(End of step 31.) 
G0 Z3.000 
G0 X4.153 Y148.990 
(Begin step 32.) 
G0 X4.153 Y148.990 
(part 1) 
G1 X4.153 Y148.990 Z-1.000 F300.000 
G1 X156.807 Y148.990 Z-9.000 F300.000 
G1 X404.247 Y148.990 Z-9.000 F300.000 
(End of step 32.) 
G0 Z3.000 
G0 X4.153 Y153.400 
(Begin step 33.) 
G0 X4.153 Y153.400 
(part 1) 
G1 X4.153 Y153.400 Z-1.000 F300.000 
G1 X156.807 Y153.400 Z-9.000 F300.000 
G1 X404.247 Y153.400 Z-9.000 F300.000 
(End of step 33.) 
G0 Z3.000 
G0 X4.153 Y157.810 
(Begin step 34.) 
G0 X4.153 Y157.810 
(part 1) 
G1 X4.153 Y157.810 Z-1.000 F300.000 
G1 X156.807 Y157.810 Z-9.000 F300.000 
G1 X404.247 Y157.810 Z-9.000 F300.000 
(End of step 34.) 
G0 Z3.000 
G0 X4.153 Y162.220 
(Begin step 35.) 
G0 X4.153 Y162.220 
(part 1) 
G1 X4.153 Y162.220 Z-1.000 F300.000 
G1 X156.807 Y162.220 Z-9.000 F300.000 
G1 X404.247 Y162.220 Z-9.000 F300.000 
(End of step 35.) 
G0 Z3.000 
G0 X4.153 Y166.630 
(Begin step 36.) 
G0 X4.153 Y166.630 
(part 1) 
G1 X4.153 Y166.630 Z-1.000 F300.000 
G1 X156.807 Y166.630 Z-9.000 F300.000 
G1 X404.247 Y166.630 Z-9.000 F300.000 
(End of step 36.) 
G0 Z3.000 
G0 X4.153 Y171.040 
(Begin step 37.) 
G0 X4.153 Y171.040 
(part 1) 
G1 X4.153 Y171.040 Z-1.000 F300.000 
G1 X156.807 Y171.040 Z-9.000 F300.000 
G1 X404.247 Y171.040 Z-9.000 F300.000 
(End of step 37.) 
G0 Z3.000 
G0 X4.153 Y175.450 
(Begin step 38.) 
G0 X4.153 Y175.450 
(part 1) 
G1 X4.153 Y175.450 Z-1.000 F300.000 
G1 X156.807 Y175.450 Z-9.000 F300.000 
G1 X404.247 Y175.450 Z-9.000 F300.000 
(End of step 38.) 
G0 Z3.000 
G0 X4.153 Y179.860 
(Begin step 39.) 
G0 X4.153 Y179.860 
(part 1) 
G1 X4.153 Y179.860 Z-1.000 F300.000 
G1 X156.807 Y179.860 Z-9.000 F300.000 
G1 X404.247 Y179.860 Z-9.000 F300.000 
(End of step 39.) 
G0 Z3.000 
G0 X4.153 Y184.270 
(Begin step 40.) 
G0 X4.153 Y184.270 
(part 1) 
G1 X4.153 Y184.270 Z-1.000 F300.000 
G1 X156.807 Y184.270 Z-9.000 F300.000 
G1 X404.247 Y184.270 Z-9.000 F300.000 
(End of step 40.) 
G0 Z3.000 
G0 X4.153 Y188.680 
(Begin step 41.) 
G0 X4.153 Y188.680 
(part 1) 
G1 X4.153 Y188.680 Z-1.000 F300.000 
G1 X156.807 Y188.680 Z-9.000 F300.000 
G1 X404.247 Y188.680 Z-9.000 F300.000 
(End of step 41.) 
G0 Z3.000 
G0 X4.153 Y193.090 
(Begin step 42.) 
G0 X4.153 Y193.090 
(part 1) 
G1 X4.153 Y193.090 Z-1.000 F300.000 
G1 X156.807 Y193.090 Z-9.000 F300.000 
G1 X404.247 Y193.090 Z-9.000 F300.000 
(End of step 42.) 
G0 Z3.000 
G0 X4.153 Y197.500 
(Begin step 43.) 
G0 X4.153 Y197.500 
(part 1) 
G1 X4.153 Y197.500 Z-1.000 F300.000 
G1 X156.807 Y197.500 Z-9.000 F300.000 
G1 X404.247 Y197.500 Z-9.000 F300.000 
(End of step 43.) 
G0 Z3.000 
G0 X4.153 Y201.910 
(Begin step 44.) 
G0 X4.153 Y201.910 
(part 1) 
G1 X4.153 Y201.910 Z-1.000 F300.000 
G1 X156.807 Y201.910 Z-9.000 F300.000 
G1 X404.247 Y201.910 Z-9.000 F300.000 
(End of step 44.) 
G0 Z3.000 
G0 X4.153 Y206.320 
(Begin step 45.) 
G0 X4.153 Y206.320 
(part 1) 
G1 X4.153 Y206.320 Z-1.000 F300.000 
G1 X156.807 Y206.320 Z-9.000 F300.000 
G1 X404.247 Y206.320 Z-9.000 F300.000 
(End of step 45.) 
G0 Z3.000 
G0 X4.153 Y210.730 
(Begin step 46.) 
G0 X4.153 Y210.730 
(part 1) 
G1 X4.153 Y210.730 Z-1.000 F300.000 
G1 X156.807 Y210.730 Z-9.000 F300.000 
G1 X404.247 Y210.730 Z-9.000 F300.000 
(End of step 46.) 
G0 Z3.000 
G0 X4.153 Y215.140 
(Begin step 47.) 
G0 X4.153 Y215.140 
(part 1) 
G1 X4.153 Y215.140 Z-1.000 F300.000 
G1 X156.807 Y215.140 Z-9.000 F300.000 
G1 X404.247 Y215.140 Z-9.000 F300.000 
(End of step 47.) 
G0 Z3.000 
G0 X4.153 Y219.550 
(Begin step 48.) 
G0 X4.153 Y219.550 
(part 1) 
G1 X4.153 Y219.550 Z-1.000 F300.000 
G1 X156.807 Y219.550 Z-9.000 F300.000 
G1 X404.247 Y219.550 Z-9.000 F300.000 
(End of step 48.) 
G0 Z3.000 
G0 X4.153 Y223.960 
(Begin step 49.) 
G0 X4.153 Y223.960 
(part 1) 
G1 X4.153 Y223.960 Z-1.000 F300.000 
G1 X156.807 Y223.960 Z-9.000 F300.000 
G1 X404.247 Y223.960 Z-9.000 F300.000 
(End of step 49.) 
G0 Z3.000 
G0 X4.153 Y228.370 
(Begin step 50.) 
G0 X4.153 Y228.370 
(part 1) 
G1 X4.153 Y228.370 Z-1.000 F300.000 
G1 X156.807 Y228.370 Z-9.000 F300.000 
G1 X404.247 Y228.370 Z-9.000 F300.000 
(End of step 50.) 
G0 Z3.000 
G0 X4.153 Y232.780 
(Begin step 51.) 
G0 X4.153 Y232.780 
(part 1) 
G1 X4.153 Y232.780 Z-1.000 F300.000 
G1 X156.807 Y232.780 Z-9.000 F300.000 
G1 X404.247 Y232.780 Z-9.000 F300.000 
(End of step 51.) 
G0 Z3.000 
G0 X4.153 Y237.190 
(Begin step 52.) 
G0 X4.153 Y237.190 
(part 1) 
G1 X4.153 Y237.190 Z-1.000 F300.000 
G1 X156.807 Y237.190 Z-9.000 F300.000 
G1 X404.247 Y237.190 Z-9.000 F300.000 
(End of step 52.) 
G0 Z3.000 
G0 X4.153 Y241.600 
(Begin step 53.) 
G0 X4.153 Y241.600 
(part 1) 
G1 X4.153 Y241.600 Z-1.000 F300.000 
G1 X156.807 Y241.600 Z-9.000 F300.000 
G1 X404.247 Y241.600 Z-9.000 F300.000 
(End of step 53.) 
G0 Z3.000 
G0 X4.153 Y246.010 
(Begin step 54.) 
G0 X4.153 Y246.010 
(part 1) 
G1 X4.153 Y246.010 Z-1.000 F300.000 
G1 X156.807 Y246.010 Z-9.000 F300.000 
G1 X404.247 Y246.010 Z-9.000 F300.000 
(End of step 54.) 
G0 Z3.000 
G0 X4.153 Y250.420 
(Begin step 55.) 
G0 X4.153 Y250.420 
(part 1) 
G1 X4.153 Y250.420 Z-1.000 F300.000 
G1 X156.807 Y250.420 Z-9.000 F300.000 
G1 X404.247 Y250.420 Z-9.000 F300.000 
(End of step 55.) 
G0 Z3.000 
G0 X4.153 Y254.830 
(Begin step 56.) 
G0 X4.153 Y254.830 
(part 1) 
G1 X4.153 Y254.830 Z-1.000 F300.000 
G1 X156.807 Y254.830 Z-9.000 F300.000 
G1 X404.247 Y254.830 Z-9.000 F300.000 
(End of step 56.) 
G0 Z3.000 
G0 X4.153 Y259.240 
(Begin step 57.) 
G0 X4.153 Y259.240 
(part 1) 
G1 X4.153 Y259.240 Z-1.000 F300.000 
G1 X156.807 Y259.240 Z-9.000 F300.000 
G1 X404.247 Y259.240 Z-9.000 F300.000 
(End of step 57.) 
G0 Z3.000 
G0 X4.153 Y263.650 
(Begin step 58.) 
G0 X4.153 Y263.650 
(part 1) 
G1 X4.153 Y263.650 Z-1.000 F300.000 
G1 X156.807 Y263.650 Z-9.000 F300.000 
G1 X404.247 Y263.650 Z-9.000 F300.000 
(End of step 58.) 
G0 Z3.000 
G0 X4.153 Y268.060 
(Begin step 59.) 
G0 X4.153 Y268.060 
(part 1) 
G1 X4.153 Y268.060 Z-1.000 F300.000 
G1 X156.807 Y268.060 Z-9.000 F300.000 
G1 X404.247 Y268.060 Z-9.000 F300.000 
(End of step 59.) 
G0 Z3.000 
G0 X4.153 Y272.470 
(Begin step 60.) 
G0 X4.153 Y272.470 
(part 1) 
G1 X4.153 Y272.470 Z-1.000 F300.000 
G1 X156.807 Y272.470 Z-9.000 F300.000 
G1 X404.247 Y272.470 Z-9.000 F300.000 
(End of step 60.) 
G0 Z3.000 
G0 X4.153 Y276.880 
(Begin step 61.) 
G0 X4.153 Y276.880 
(part 1) 
G1 X4.153 Y276.880 Z-1.000 F300.000 
G1 X156.807 Y276.880 Z-9.000 F300.000 
G1 X404.247 Y276.880 Z-9.000 F300.000 
(End of step 61.) 
G0 Z3.000 
G0 X4.153 Y281.290 
(Begin step 62.) 
G0 X4.153 Y281.290 
(part 1) 
G1 X4.153 Y281.290 Z-1.000 F300.000 
G1 X156.807 Y281.290 Z-9.000 F300.000 
G1 X404.247 Y281.290 Z-9.000 F300.000 
(End of step 62.) 
G0 Z3.000 
G0 X4.153 Y285.700 
(Begin step 63.) 
G0 X4.153 Y285.700 
(part 1) 
G1 X4.153 Y285.700 Z-1.000 F300.000 
G1 X156.807 Y285.700 Z-9.000 F300.000 
G1 X404.247 Y285.700 Z-9.000 F300.000 
(End of step 63.) 
G0 Z3.000 
G0 X4.153 Y290.110 
(Begin step 64.) 
G0 X4.153 Y290.110 
(part 1) 
G1 X4.153 Y290.110 Z-1.000 F300.000 
G1 X156.807 Y290.110 Z-9.000 F300.000 
G1 X404.247 Y290.110 Z-9.000 F300.000 
(End of step 64.) 
G0 Z3.000 
G0 X4.153 Y294.520 
(Begin step 65.) 
G0 X4.153 Y294.520 
(part 1) 
G1 X4.153 Y294.520 Z-1.000 F300.000 
G1 X156.807 Y294.520 Z-9.000 F300.000 
G1 X404.247 Y294.520 Z-9.000 F300.000 
(End of step 65.) 
G0 Z3.000 
G0 X4.153 Y298.930 
(Begin step 66.) 
G0 X4.153 Y298.930 
(part 1) 
G1 X4.153 Y298.930 Z-1.000 F300.000 
G1 X156.807 Y298.930 Z-9.000 F300.000 
G1 X404.247 Y298.930 Z-9.000 F300.000 
(End of step 66.) 
(End of layer 2) 
(Layer 3 begins) 
(Layer transition) 
G0 Z3.000 
G0 X4.153 Y7.870 
(Begin step 0.) 
G0 X4.153 Y7.870 
(part 1) 
G1 X4.153 Y7.870 Z-1.000 F300.000 
G1 X213.679 Y7.870 Z-11.981 F300.000 
G1 X214.676 Y7.870 Z-12.000 F300.000 
G1 X404.247 Y7.870 Z-12.000 F300.000 
(End of step 0.) 
G0 Z3.000 
G0 X4.153 Y12.280 
(Begin step 1.) 
G0 X4.153 Y12.280 
(part 1) 
G1 X4.153 Y12.280 Z-1.000 F300.000 
G1 X213.679 Y12.280 Z-11.981 F300.000 
G1 X214.676 Y12.280 Z-12.000 F300.000 
G1 X404.247 Y12.280 Z-12.000 F300.000 
(End of step 1.) 
G0 Z3.000 
G0 X4.153 Y16.690 
(Begin step 2.) 
G0 X4.153 Y16.690 
(part 1) 
G1 X4.153 Y16.690 Z-1.000 F300.000 
G1 X213.679 Y16.690 Z-11.981 F300.000 
G1 X214.676 Y16.690 Z-12.000 F300.000 
G1 X404.247 Y16.690 Z-12.000 F300.000 
(End of step 2.) 
G0 Z3.000 
G0 X4.153 Y21.100 
(Begin step 3.) 
G0 X4.153 Y21.100 
(part 1) 
G1 X4.153 Y21.100 Z-1.000 F300.000 
G1 X213.679 Y21.100 Z-11.981 F300.000 
G1 X214.676 Y21.100 Z-12.000 F300.000 
G1 X404.247 Y21.100 Z-12.000 F300.000 
(End of step 3.) 
G0 Z3.000 
G0 X4.153 Y25.510 
(Begin step 4.) 
G0 X4.153 Y25.510 
(part 1) 
G1 X4.153 Y25.510 Z-1.000 F300.000 
G1 X213.679 Y25.510 Z-11.981 F300.000 
G1 X214.676 Y25.510 Z-12.000 F300.000 
G1 X404.247 Y25.510 Z-12.000 F300.000 
(End of step 4.) 
G0 Z3.000 
G0 X4.153 Y29.920 
(Begin step 5.) 
G0 X4.153 Y29.920 
(part 1) 
G1 X4.153 Y29.920 Z-1.000 F300.000 
G1 X213.679 Y29.920 Z-11.981 F300.000 
G1 X214.676 Y29.920 Z-12.000 F300.000 
G1 X404.247 Y29.920 Z-12.000 F300.000 
(End of step 5.) 
G0 Z3.000 
G0 X4.153 Y34.330 
(Begin step 6.) 
G0 X4.153 Y34.330 
(part 1) 
G1 X4.153 Y34.330 Z-1.000 F300.000 
G1 X213.679 Y34.330 Z-11.981 F300.000 
G1 X214.676 Y34.330 Z-12.000 F300.000 
G1 X404.247 Y34.330 Z-12.000 F300.000 
(End of step 6.) 
G0 Z3.000 
G0 X4.153 Y38.740 
(Begin step 7.) 
G0 X4.153 Y38.740 
(part 1) 
G1 X4.153 Y38.740 Z-1.000 F300.000 
G1 X213.679 Y38.740 Z-11.981 F300.000 
G1 X214.676 Y38.740 Z-12.000 F300.000 
G1 X404.247 Y38.740 Z-12.000 F300.000 
(End of step 7.) 
G0 Z3.000 
G0 X4.153 Y43.150 
(Begin step 8.) 
G0 X4.153 Y43.150 
(part 1) 
G1 X4.153 Y43.150 Z-1.000 F300.000 
G1 X213.679 Y43.150 Z-11.981 F300.000 
G1 X214.676 Y43.150 Z-12.000 F300.000 
G1 X404.247 Y43.150 Z-12.000 F300.000 
(End of step 8.) 
G0 Z3.000 
G0 X4.153 Y47.560 
(Begin step 9.) 
G0 X4.153 Y47.560 
(part 1) 
G1 X4.153 Y47.560 Z-1.000 F300.000 
G1 X213.679 Y47.560 Z-11.981 F300.000 
G1 X214.676 Y47.560 Z-12.000 F300.000 
G1 X404.247 Y47.560 Z-12.000 F300.000 
(End of step 9.) 
G0 Z3.000 
G0 X4.153 Y51.970 
(Begin step 10.) 
G0 X4.153 Y51.970 
(part 1) 
G1 X4.153 Y51.970 Z-1.000 F300.000 
G1 X213.679 Y51.970 Z-11.981 F300.000 
G1 X214.676 Y51.970 Z-12.000 F300.000 
G1 X404.247 Y51.970 Z-12.000 F300.000 
(End of step 10.) 
G0 Z3.000 
G0 X4.153 Y56.380 
(Begin step 11.) 
G0 X4.153 Y56.380 
(part 1) 
G1 X4.153 Y56.380 Z-1.000 F300.000 
G1 X213.679 Y56.380 Z-11.981 F300.000 
G1 X214.676 Y56.380 Z-12.000 F300.000 
G1 X404.247 Y56.380 Z-12.000 F300.000 
(End of step 11.) 
G0 Z3.000 
G0 X4.153 Y60.790 
(Begin step 12.) 
G0 X4.153 Y60.790 
(part 1) 
G1 X4.153 Y60.790 Z-1.000 F300.000 
G1 X213.679 Y60.790 Z-11.981 F300.000 
G1 X214.676 Y60.790 Z-12.000 F300.000 
G1 X404.247 Y60.790 Z-12.000 F300.000 
(End of step 12.) 
G0 Z3.000 
G0 X4.153 Y65.200 
(Begin step 13.) 
G0 X4.153 Y65.200 
(part 1) 
G1 X4.153 Y65.200 Z-1.000 F300.000 
G1 X213.679 Y65.200 Z-11.981 F300.000 
G1 X214.676 Y65.200 Z-12.000 F300.000 
G1 X404.247 Y65.200 Z-12.000 F300.000 
(End of step 13.) 
G0 Z3.000 
G0 X4.153 Y69.610 
(Begin step 14.) 
G0 X4.153 Y69.610 
(part 1) 
G1 X4.153 Y69.610 Z-1.000 F300.000 
G1 X213.679 Y69.610 Z-11.981 F300.000 
G1 X214.676 Y69.610 Z-12.000 F300.000 
G1 X404.247 Y69.610 Z-12.000 F300.000 
(End of step 14.) 
G0 Z3.000 
G0 X4.153 Y74.020 
(Begin step 15.) 
G0 X4.153 Y74.020 
(part 1) 
G1 X4.153 Y74.020 Z-1.000 F300.000 
G1 X213.679 Y74.020 Z-11.981 F300.000 
G1 X214.676 Y74.020 Z-12.000 F300.000 
G1 X404.247 Y74.020 Z-12.000 F300.000 
(End of step 15.) 
G0 Z3.000 
G0 X4.153 Y78.430 
(Begin step 16.) 
G0 X4.153 Y78.430 
(part 1) 
G1 X4.153 Y78.430 Z-1.000 F300.000 
G1 X213.679 Y78.430 Z-11.981 F300.000 
G1 X214.676 Y78.430 Z-12.000 F300.000 
G1 X404.247 Y78.430 Z-12.000 F300.000 
(End of step 16.) 
G0 Z3.000 
G0 X4.153 Y82.840 
(Begin step 17.) 
G0 X4.153 Y82.840 
(part 1) 
G1 X4.153 Y82.840 Z-1.000 F300.000 
G1 X213.679 Y82.840 Z-11.981 F300.000 
G1 X214.676 Y82.840 Z-12.000 F300.000 
G1 X404.247 Y82.840 Z-12.000 F300.000 
(End of step 17.) 
G0 Z3.000 
G0 X4.153 Y87.250 
(Begin step 18.) 
G0 X4.153 Y87.250 
(part 1) 
G1 X4.153 Y87.250 Z-1.000 F300.000 
G1 X213.679 Y87.250 Z-11.981 F300.000 
G1 X214.676 Y87.250 Z-12.000 F300.000 
G1 X404.247 Y87.250 Z-12.000 F300.000 
(End of step 18.) 
G0 Z3.000 
G0 X4.153 Y91.660 
(Begin step 19.) 
G0 X4.153 Y91.660 
(part 1) 
G1 X4.153 Y91.660 Z-1.000 F300.000 
G1 X213.679 Y91.660 Z-11.981 F300.000 
G1 X214.676 Y91.660 Z-12.000 F300.000 
G1 X404.247 Y91.660 Z-12.000 F300.000 
(End of step 19.) 
G0 Z3.000 
G0 X4.153 Y96.070 
(Begin step 20.) 
G0 X4.153 Y96.070 
(part 1) 
G1 X4.153 Y96.070 Z-1.000 F300.000 
G1 X213.679 Y96.070 Z-11.981 F300.000 
G1 X214.676 Y96.070 Z-12.000 F300.000 
G1 X404.247 Y96.070 Z-12.000 F300.000 
(End of step 20.) 
G0 Z3.000 
G0 X4.153 Y100.480 
(Begin step 21.) 
G0 X4.153 Y100.480 
(part 1) 
G1 X4.153 Y100.480 Z-1.000 F300.000 
G1 X213.679 Y100.480 Z-11.981 F300.000 
G1 X214.676 Y100.480 Z-12.000 F300.000 
G1 X404.247 Y100.480 Z-12.000 F300.000 
(End of step 21.) 
G0 Z3.000 
G0 X4.153 Y104.890 
(Begin step 22.) 
G0 X4.153 Y104.890 
(part 1) 
G1 X4.153 Y104.890 Z-1.000 F300.000 
G1 X213.679 Y104.890 Z-11.981 F300.000 
G1 X214.676 Y104.890 Z-12.000 F300.000 
G1 X404.247 Y104.890 Z-12.000 F300.000 
(End of step 22.) 
G0 Z3.000 
G0 X4.153 Y109.300 
(Begin step 23.) 
G0 X4.153 Y109.300 
(part 1) 
G1 X4.153 Y109.300 Z-1.000 F300.000 
G1 X213.679 Y109.300 Z-11.981 F300.000 
G1 X214.676 Y109.300 Z-12.000 F300.000 
G1 X404.247 Y109.300 Z-12.000 F300.000 
(End of step 23.) 
G0 Z3.000 
G0 X4.153 Y113.710 
(Begin step 24.) 
G0 X4.153 Y113.710 
(part 1) 
G1 X4.153 Y113.710 Z-1.000 F300.000 
G1 X213.679 Y113.710 Z-11.981 F300.000 
G1 X214.676 Y113.710 Z-12.000 F300.000 
G1 X404.247 Y113.710 Z-12.000 F300.000 
(End of step 24.) 
G0 Z3.000 
G0 X4.153 Y118.120 
(Begin step 25.) 
G0 X4.153 Y118.120 
(part 1) 
G1 X4.153 Y118.120 Z-1.000 F300.000 
G1 X213.679 Y118.120 Z-11.981 F300.000 
G1 X214.676 Y118.120 Z-12.000 F300.000 
G1 X404.247 Y118.120 Z-12.000 F300.000 
(End of step 25.) 
G0 Z3.000 
G0 X4.153 Y122.530 
(Begin step 26.) 
G0 X4.153 Y122.530 
(part 1) 
G1 X4.153 Y122.530 Z-1.000 F300.000 
G1 X213.679 Y122.530 Z-11.981 F300.000 
G1 X214.676 Y122.530 Z-12.000 F300.000 
G1 X404.247 Y122.530 Z-12.000 F300.000 
(End of step 26.) 
G0 Z3.000 
G0 X4.153 Y126.940 
(Begin step 27.) 
G0 X4.153 Y126.940 
(part 1) 
G1 X4.153 Y126.940 Z-1.000 F300.000 
G1 X213.679 Y126.940 Z-11.981 F300.000 
G1 X214.676 Y126.940 Z-12.000 F300.000 
G1 X404.247 Y126.940 Z-12.000 F300.000 
(End of step 27.) 
G0 Z3.000 
G0 X4.153 Y131.350 
(Begin step 28.) 
G0 X4.153 Y131.350 
(part 1) 
G1 X4.153 Y131.350 Z-1.000 F300.000 
G1 X213.679 Y131.350 Z-11.981 F300.000 
G1 X214.676 Y131.350 Z-12.000 F300.000 
G1 X404.247 Y131.350 Z-12.000 F300.000 
(End of step 28.) 
G0 Z3.000 
G0 X4.153 Y135.760 
(Begin step 29.) 
G0 X4.153 Y135.760 
(part 1) 
G1 X4.153 Y135.760 Z-1.000 F300.000 
G1 X213.679 Y135.760 Z-11.981 F300.000 
G1 X214.676 Y135.760 Z-12.000 F300.000 
G1 X404.247 Y135.760 Z-12.000 F300.000 
(End of step 29.) 
G0 Z3.000 
G0 X4.153 Y140.170 
(Begin step 30.) 
G0 X4.153 Y140.170 
(part 1) 
G1 X4.153 Y140.170 Z-1.000 F300.000 
G1 X213.679 Y140.170 Z-11.981 F300.000 
G1 X214.676 Y140.170 Z-12.000 F300.000 
G1 X404.247 Y140.170 Z-12.000 F300.000 
(End of step 30.) 
G0 Z3.000 
G0 X4.153 Y144.580 
(Begin step 31.) 
G0 X4.153 Y144.580 
(part 1) 
G1 X4.153 Y144.580 Z-1.000 F300.000 
G1 X213.679 Y144.580 Z-11.981 F300.000 
G1 X214.676 Y144.580 Z-12.000 F300.000 
G1 X404.247 Y144.580 Z-12.000 F300.000 
(End of step 31.) 
G0 Z3.000 
G0 X4.153 Y148.990 
(Begin step 32.) 
G0 X4.153 Y148.990 
(part 1) 
G1 X4.153 Y148.990 Z-1.000 F300.000 
G1 X213.679 Y148.990 Z-11.981 F300.000 
G1 X214.676 Y148.990 Z-12.000 F300.000 
G1 X404.247 Y148.990 Z-12.000 F300.000 
(End of step 32.) 
G0 Z3.000 
G0 X4.153 Y153.400 
(Begin step 33.) 
G0 X4.153 Y153.400 
(part 1) 
G1 X4.153 Y153.400 Z-1.000 F300.000 
G1 X213.679 Y153.400 Z-11.981 F300.000 
G1 X214.676 Y153.400 Z-12.000 F300.000 
G1 X404.247 Y153.400 Z-12.000 F300.000 
(End of step 33.) 
G0 Z3.000 
G0 X4.153 Y157.810 
(Begin step 34.) 
G0 X4.153 Y157.810 
(part 1) 
G1 X4.153 Y157.810 Z-1.000 F300.000 
G1 X213.679 Y157.810 Z-11.981 F300.000 
G1 X214.676 Y157.810 Z-12.000 F300.000 
G1 X404.247 Y157.810 Z-12.000 F300.000 
(End of step 34.) 
G0 Z3.000 
G0 X4.153 Y162.220 
(Begin step 35.) 
G0 X4.153 Y162.220 
(part 1) 
G1 X4.153 Y162.220 Z-1.000 F300.000 
G1 X213.679 Y162.220 Z-11.981 F300.000 
G1 X214.676 Y162.220 Z-12.000 F300.000 
G1 X404.247 Y162.220 Z-12.000 F300.000 
(End of step 35.) 
G0 Z3.000 
G0 X4.153 Y166.630 
(Begin step 36.) 
G0 X4.153 Y166.630 
(part 1) 
G1 X4.153 Y166.630 Z-1.000 F300.000 
G1 X213.679 Y166.630 Z-11.981 F300.000 
G1 X214.676 Y166.630 Z-12.000 F300.000 
G1 X404.247 Y166.630 Z-12.000 F300.000 
(End of step 36.) 
G0 Z3.000 
G0 X4.153 Y171.040 
(Begin step 37.) 
G0 X4.153 Y171.040 
(part 1) 
G1 X4.153 Y171.040 Z-1.000 F300.000 
G1 X213.679 Y171.040 Z-11.981 F300.000 
G1 X214.676 Y171.040 Z-12.000 F300.000 
G1 X404.247 Y171.040 Z-12.000 F300.000 
(End of step 37.) 
G0 Z3.000 
G0 X4.153 Y175.450 
(Begin step 38.) 
G0 X4.153 Y175.450 
(part 1) 
G1 X4.153 Y175.450 Z-1.000 F300.000 
G1 X213.679 Y175.450 Z-11.981 F300.000 
G1 X214.676 Y175.450 Z-12.000 F300.000 
G1 X404.247 Y175.450 Z-12.000 F300.000 
(End of step 38.) 
G0 Z3.000 
G0 X4.153 Y179.860 
(Begin step 39.) 
G0 X4.153 Y179.860 
(part 1) 
G1 X4.153 Y179.860 Z-1.000 F300.000 
G1 X213.679 Y179.860 Z-11.981 F300.000 
G1 X214.676 Y179.860 Z-12.000 F300.000 
G1 X404.247 Y179.860 Z-12.000 F300.000 
(End of step 39.) 
G0 Z3.000 
G0 X4.153 Y184.270 
(Begin step 40.) 
G0 X4.153 Y184.270 
(part 1) 
G1 X4.153 Y184.270 Z-1.000 F300.000 
G1 X213.679 Y184.270 Z-11.981 F300.000 
G1 X214.676 Y184.270 Z-12.000 F300.000 
G1 X404.247 Y184.270 Z-12.000 F300.000 
(End of step 40.) 
G0 Z3.000 
G0 X4.153 Y188.680 
(Begin step 41.) 
G0 X4.153 Y188.680 
(part 1) 
G1 X4.153 Y188.680 Z-1.000 F300.000 
G1 X213.679 Y188.680 Z-11.981 F300.000 
G1 X214.676 Y188.680 Z-12.000 F300.000 
G1 X404.247 Y188.680 Z-12.000 F300.000 
(End of step 41.) 
G0 Z3.000 
G0 X4.153 Y193.090 
(Begin step 42.) 
G0 X4.153 Y193.090 
(part 1) 
G1 X4.153 Y193.090 Z-1.000 F300.000 
G1 X213.679 Y193.090 Z-11.981 F300.000 
G1 X214.676 Y193.090 Z-12.000 F300.000 
G1 X404.247 Y193.090 Z-12.000 F300.000 
(End of step 42.) 
G0 Z3.000 
G0 X4.153 Y197.500 
(Begin step 43.) 
G0 X4.153 Y197.500 
(part 1) 
G1 X4.153 Y197.500 Z-1.000 F300.000 
G1 X213.679 Y197.500 Z-11.981 F300.000 
G1 X214.676 Y197.500 Z-12.000 F300.000 
G1 X404.247 Y197.500 Z-12.000 F300.000 
(End of step 43.) 
G0 Z3.000 
G0 X4.153 Y201.910 
(Begin step 44.) 
G0 X4.153 Y201.910 
(part 1) 
G1 X4.153 Y201.910 Z-1.000 F300.000 
G1 X213.679 Y201.910 Z-11.981 F300.000 
G1 X214.676 Y201.910 Z-12.000 F300.000 
G1 X404.247 Y201.910 Z-12.000 F300.000 
(End of step 44.) 
G0 Z3.000 
G0 X4.153 Y206.320 
(Begin step 45.) 
G0 X4.153 Y206.320 
(part 1) 
G1 X4.153 Y206.320 Z-1.000 F300.000 
G1 X213.679 Y206.320 Z-11.981 F300.000 
G1 X214.676 Y206.320 Z-12.000 F300.000 
G1 X404.247 Y206.320 Z-12.000 F300.000 
(End of step 45.) 
G0 Z3.000 
G0 X4.153 Y210.730 
(Begin step 46.) 
G0 X4.153 Y210.730 
(part 1) 
G1 X4.153 Y210.730 Z-1.000 F300.000 
G1 X213.679 Y210.730 Z-11.981 F300.000 
G1 X214.676 Y210.730 Z-12.000 F300.000 
G1 X404.247 Y210.730 Z-12.000 F300.000 
(End of step 46.) 
G0 Z3.000 
G0 X4.153 Y215.140 
(Begin step 47.) 
G0 X4.153 Y215.140 
(part 1) 
G1 X4.153 Y215.140 Z-1.000 F300.000 
G1 X213.679 Y215.140 Z-11.981 F300.000 
G1 X214.676 Y215.140 Z-12.000 F300.000 
G1 X404.247 Y215.140 Z-12.000 F300.000 
(End of step 47.) 
G0 Z3.000 
G0 X4.153 Y219.550 
(Begin step 48.) 
G0 X4.153 Y219.550 
(part 1) 
G1 X4.153 Y219.550 Z-1.000 F300.000 
G1 X213.679 Y219.550 Z-11.981 F300.000 
G1 X214.676 Y219.550 Z-12.000 F300.000 
G1 X404.247 Y219.550 Z-12.000 F300.000 
(End of step 48.) 
G0 Z3.000 
G0 X4.153 Y223.960 
(Begin step 49.) 
G0 X4.153 Y223.960 
(part 1) 
G1 X4.153 Y223.960 Z-1.000 F300.000 
G1 X213.679 Y223.960 Z-11.981 F300.000 
G1 X214.676 Y223.960 Z-12.000 F300.000 
G1 X404.247 Y223.960 Z-12.000 F300.000 
(End of step 49.) 
G0 Z3.000 
G0 X4.153 Y228.370 
(Begin step 50.) 
G0 X4.153 Y228.370 
(part 1) 
G1 X4.153 Y228.370 Z-1.000 F300.000 
G1 X213.679 Y228.370 Z-11.981 F300.000 
G1 X214.676 Y228.370 Z-12.000 F300.000 
G1 X404.247 Y228.370 Z-12.000 F300.000 
(End of step 50.) 
G0 Z3.000 
G0 X4.153 Y232.780 
(Begin step 51.) 
G0 X4.153 Y232.780 
(part 1) 
G1 X4.153 Y232.780 Z-1.000 F300.000 
G1 X213.679 Y232.780 Z-11.981 F300.000 
G1 X214.676 Y232.780 Z-12.000 F300.000 
G1 X404.247 Y232.780 Z-12.000 F300.000 
(End of step 51.) 
G0 Z3.000 
G0 X4.153 Y237.190 
(Begin step 52.) 
G0 X4.153 Y237.190 
(part 1) 
G1 X4.153 Y237.190 Z-1.000 F300.000 
G1 X213.679 Y237.190 Z-11.981 F300.000 
G1 X214.676 Y237.190 Z-12.000 F300.000 
G1 X404.247 Y237.190 Z-12.000 F300.000 
(End of step 52.) 
G0 Z3.000 
G0 X4.153 Y241.600 
(Begin step 53.) 
G0 X4.153 Y241.600 
(part 1) 
G1 X4.153 Y241.600 Z-1.000 F300.000 
G1 X213.679 Y241.600 Z-11.981 F300.000 
G1 X214.676 Y241.600 Z-12.000 F300.000 
G1 X404.247 Y241.600 Z-12.000 F300.000 
(End of step 53.) 
G0 Z3.000 
G0 X4.153 Y246.010 
(Begin step 54.) 
G0 X4.153 Y246.010 
(part 1) 
G1 X4.153 Y246.010 Z-1.000 F300.000 
G1 X213.679 Y246.010 Z-11.981 F300.000 
G1 X214.676 Y246.010 Z-12.000 F300.000 
G1 X404.247 Y246.010 Z-12.000 F300.000 
(End of step 54.) 
G0 Z3.000 
G0 X4.153 Y250.420 
(Begin step 55.) 
G0 X4.153 Y250.420 
(part 1) 
G1 X4.153 Y250.420 Z-1.000 F300.000 
G1 X213.679 Y250.420 Z-11.981 F300.000 
G1 X214.676 Y250.420 Z-12.000 F300.000 
G1 X404.247 Y250.420 Z-12.000 F300.000 
(End of step 55.) 
G0 Z3.000 
G0 X4.153 Y254.830 
(Begin step 56.) 
G0 X4.153 Y254.830 
(part 1) 
G1 X4.153 Y254.830 Z-1.000 F300.000 
G1 X213.679 Y254.830 Z-11.981 F300.000 
G1 X214.676 Y254.830 Z-12.000 F300.000 
G1 X404.247 Y254.830 Z-12.000 F300.000 
(End of step 56.) 
G0 Z3.000 
G0 X4.153 Y259.240 
(Begin step 57.) 
G0 X4.153 Y259.240 
(part 1) 
G1 X4.153 Y259.240 Z-1.000 F300.000 
G1 X213.679 Y259.240 Z-11.981 F300.000 
G1 X214.676 Y259.240 Z-12.000 F300.000 
G1 X404.247 Y259.240 Z-12.000 F300.000 
(End of step 57.) 
G0 Z3.000 
G0 X4.153 Y263.650 
(Begin step 58.) 
G0 X4.153 Y263.650 
(part 1) 
G1 X4.153 Y263.650 Z-1.000 F300.000 
G1 X213.679 Y263.650 Z-11.981 F300.000 
G1 X214.676 Y263.650 Z-12.000 F300.000 
G1 X404.247 Y263.650 Z-12.000 F300.000 
(End of step 58.) 
G0 Z3.000 
G0 X4.153 Y268.060 
(Begin step 59.) 
G0 X4.153 Y268.060 
(part 1) 
G1 X4.153 Y268.060 Z-1.000 F300.000 
G1 X213.679 Y268.060 Z-11.981 F300.000 
G1 X214.676 Y268.060 Z-12.000 F300.000 
G1 X404.247 Y268.060 Z-12.000 F300.000 
(End of step 59.) 
G0 Z3.000 
G0 X4.153 Y272.470 
(Begin step 60.) 
G0 X4.153 Y272.470 
(part 1) 
G1 X4.153 Y272.470 Z-1.000 F300.000 
G1 X213.679 Y272.470 Z-11.981 F300.000 
G1 X214.676 Y272.470 Z-12.000 F300.000 
G1 X404.247 Y272.470 Z-12.000 F300.000 
(End of step 60.) 
G0 Z3.000 
G0 X4.153 Y276.880 
(Begin step 61.) 
G0 X4.153 Y276.880 
(part 1) 
G1 X4.153 Y276.880 Z-1.000 F300.000 
G1 X213.679 Y276.880 Z-11.981 F300.000 
G1 X214.676 Y276.880 Z-12.000 F300.000 
G1 X404.247 Y276.880 Z-12.000 F300.000 
(End of step 61.) 
G0 Z3.000 
G0 X4.153 Y281.290 
(Begin step 62.) 
G0 X4.153 Y281.290 
(part 1) 
G1 X4.153 Y281.290 Z-1.000 F300.000 
G1 X213.679 Y281.290 Z-11.981 F300.000 
G1 X214.676 Y281.290 Z-12.000 F300.000 
G1 X404.247 Y281.290 Z-12.000 F300.000 
(End of step 62.) 
G0 Z3.000 
G0 X4.153 Y285.700 
(Begin step 63.) 
G0 X4.153 Y285.700 
(part 1) 
G1 X4.153 Y285.700 Z-1.000 F300.000 
G1 X213.679 Y285.700 Z-11.981 F300.000 
G1 X214.676 Y285.700 Z-12.000 F300.000 
G1 X404.247 Y285.700 Z-12.000 F300.000 
(End of step 63.) 
G0 Z3.000 
G0 X4.153 Y290.110 
(Begin step 64.) 
G0 X4.153 Y290.110 
(part 1) 
G1 X4.153 Y290.110 Z-1.000 F300.000 
G1 X213.679 Y290.110 Z-11.981 F300.000 
G1 X214.676 Y290.110 Z-12.000 F300.000 
G1 X404.247 Y290.110 Z-12.000 F300.000 
(End of step 64.) 
G0 Z3.000 
G0 X4.153 Y294.520 
(Begin step 65.) 
G0 X4.153 Y294.520 
(part 1) 
G1 X4.153 Y294.520 Z-1.000 F300.000 
G1 X213.679 Y294.520 Z-11.981 F300.000 
G1 X214.676 Y294.520 Z-12.000 F300.000 
G1 X404.247 Y294.520 Z-12.000 F300.000 
(End of step 65.) 
G0 Z3.000 
G0 X4.153 Y298.930 
(Begin step 66.) 
G0 X4.153 Y298.930 
(part 1) 
G1 X4.153 Y298.930 Z-1.000 F300.000 
G1 X213.679 Y298.930 Z-11.981 F300.000 
G1 X214.676 Y298.930 Z-12.000 F300.000 
G1 X404.247 Y298.930 Z-12.000 F300.000 
(End of step 66.) 
(End of layer 3) 
(Layer 4 begins) 
(Layer transition) 
G0 Z3.000 
G0 X4.153 Y7.870 
(Begin step 0.) 
G0 X4.153 Y7.870 
(part 1) 
G1 X4.153 Y7.870 Z-1.000 F300.000 
G1 X270.550 Y7.870 Z-14.961 F300.000 
G1 X271.548 Y7.870 Z-15.000 F300.000 
G1 X404.247 Y7.870 Z-15.000 F300.000 
(End of step 0.) 
G0 Z3.000 
G0 X4.153 Y12.280 
(Begin step 1.) 
G0 X4.153 Y12.280 
(part 1) 
G1 X4.153 Y12.280 Z-1.000 F300.000 
G1 X270.550 Y12.280 Z-14.961 F300.000 
G1 X271.548 Y12.280 Z-15.000 F300.000 
G1 X404.247 Y12.280 Z-15.000 F300.000 
(End of step 1.) 
G0 Z3.000 
G0 X4.153 Y16.690 
(Begin step 2.) 
G0 X4.153 Y16.690 
(part 1) 
G1 X4.153 Y16.690 Z-1.000 F300.000 
G1 X270.550 Y16.690 Z-14.961 F300.000 
G1 X271.548 Y16.690 Z-15.000 F300.000 
G1 X404.247 Y16.690 Z-15.000 F300.000 
(End of step 2.) 
G0 Z3.000 
G0 X4.153 Y21.100 
(Begin step 3.) 
G0 X4.153 Y21.100 
(part 1) 
G1 X4.153 Y21.100 Z-1.000 F300.000 
G1 X270.550 Y21.100 Z-14.961 F300.000 
G1 X271.548 Y21.100 Z-15.000 F300.000 
G1 X404.247 Y21.100 Z-15.000 F300.000 
(End of step 3.) 
G0 Z3.000 
G0 X4.153 Y25.510 
(Begin step 4.) 
G0 X4.153 Y25.510 
(part 1) 
G1 X4.153 Y25.510 Z-1.000 F300.000 
G1 X270.550 Y25.510 Z-14.961 F300.000 
G1 X271.548 Y25.510 Z-15.000 F300.000 
G1 X404.247 Y25.510 Z-15.000 F300.000 
(End of step 4.) 
G0 Z3.000 
G0 X4.153 Y29.920 
(Begin step 5.) 
G0 X4.153 Y29.920 
(part 1) 
G1 X4.153 Y29.920 Z-1.000 F300.000 
G1 X270.550 Y29.920 Z-14.961 F300.000 
G1 X271.548 Y29.920 Z-15.000 F300.000 
G1 X404.247 Y29.920 Z-15.000 F300.000 
(End of step 5.) 
G0 Z3.000 
G0 X4.153 Y34.330 
(Begin step 6.) 
G0 X4.153 Y34.330 
(part 1) 
G1 X4.153 Y34.330 Z-1.000 F300.000 
G1 X270.550 Y34.330 Z-14.961 F300.000 
G1 X271.548 Y34.330 Z-15.000 F300.000 
G1 X404.247 Y34.330 Z-15.000 F300.000 
(End of step 6.) 
G0 Z3.000 
G0 X4.153 Y38.740 
(Begin step 7.) 
G0 X4.153 Y38.740 
(part 1) 
G1 X4.153 Y38.740 Z-1.000 F300.000 
G1 X270.550 Y38.740 Z-14.961 F300.000 
G1 X271.548 Y38.740 Z-15.000 F300.000 
G1 X404.247 Y38.740 Z-15.000 F300.000 
(End of step 7.) 
G0 Z3.000 
G0 X4.153 Y43.150 
(Begin step 8.) 
G0 X4.153 Y43.150 
(part 1) 
G1 X4.153 Y43.150 Z-1.000 F300.000 
G1 X270.550 Y43.150 Z-14.961 F300.000 
G1 X271.548 Y43.150 Z-15.000 F300.000 
G1 X404.247 Y43.150 Z-15.000 F300.000 
(End of step 8.) 
G0 Z3.000 
G0 X4.153 Y47.560 
(Begin step 9.) 
G0 X4.153 Y47.560 
(part 1) 
G1 X4.153 Y47.560 Z-1.000 F300.000 
G1 X270.550 Y47.560 Z-14.961 F300.000 
G1 X271.548 Y47.560 Z-15.000 F300.000 
G1 X404.247 Y47.560 Z-15.000 F300.000 
(End of step 9.) 
G0 Z3.000 
G0 X4.153 Y51.970 
(Begin step 10.) 
G0 X4.153 Y51.970 
(part 1) 
G1 X4.153 Y51.970 Z-1.000 F300.000 
G1 X270.550 Y51.970 Z-14.961 F300.000 
G1 X271.548 Y51.970 Z-15.000 F300.000 
G1 X404.247 Y51.970 Z-15.000 F300.000 
(End of step 10.) 
G0 Z3.000 
G0 X4.153 Y56.380 
(Begin step 11.) 
G0 X4.153 Y56.380 
(part 1) 
G1 X4.153 Y56.380 Z-1.000 F300.000 
G1 X270.550 Y56.380 Z-14.961 F300.000 
G1 X271.548 Y56.380 Z-15.000 F300.000 
G1 X404.247 Y56.380 Z-15.000 F300.000 
(End of step 11.) 
G0 Z3.000 
G0 X4.153 Y60.790 
(Begin step 12.) 
G0 X4.153 Y60.790 
(part 1) 
G1 X4.153 Y60.790 Z-1.000 F300.000 
G1 X270.550 Y60.790 Z-14.961 F300.000 
G1 X271.548 Y60.790 Z-15.000 F300.000 
G1 X404.247 Y60.790 Z-15.000 F300.000 
(End of step 12.) 
G0 Z3.000 
G0 X4.153 Y65.200 
(Begin step 13.) 
G0 X4.153 Y65.200 
(part 1) 
G1 X4.153 Y65.200 Z-1.000 F300.000 
G1 X270.550 Y65.200 Z-14.961 F300.000 
G1 X271.548 Y65.200 Z-15.000 F300.000 
G1 X404.247 Y65.200 Z-15.000 F300.000 
(End of step 13.) 
G0 Z3.000 
G0 X4.153 Y69.610 
(Begin step 14.) 
G0 X4.153 Y69.610 
(part 1) 
G1 X4.153 Y69.610 Z-1.000 F300.000 
G1 X270.550 Y69.610 Z-14.961 F300.000 
G1 X271.548 Y69.610 Z-15.000 F300.000 
G1 X404.247 Y69.610 Z-15.000 F300.000 
(End of step 14.) 
G0 Z3.000 
G0 X4.153 Y74.020 
(Begin step 15.) 
G0 X4.153 Y74.020 
(part 1) 
G1 X4.153 Y74.020 Z-1.000 F300.000 
G1 X270.550 Y74.020 Z-14.961 F300.000 
G1 X271.548 Y74.020 Z-15.000 F300.000 
G1 X404.247 Y74.020 Z-15.000 F300.000 
(End of step 15.) 
G0 Z3.000 
G0 X4.153 Y78.430 
(Begin step 16.) 
G0 X4.153 Y78.430 
(part 1) 
G1 X4.153 Y78.430 Z-1.000 F300.000 
G1 X270.550 Y78.430 Z-14.961 F300.000 
G1 X271.548 Y78.430 Z-15.000 F300.000 
G1 X404.247 Y78.430 Z-15.000 F300.000 
(End of step 16.) 
G0 Z3.000 
G0 X4.153 Y82.840 
(Begin step 17.) 
G0 X4.153 Y82.840 
(part 1) 
G1 X4.153 Y82.840 Z-1.000 F300.000 
G1 X270.550 Y82.840 Z-14.961 F300.000 
G1 X271.548 Y82.840 Z-15.000 F300.000 
G1 X404.247 Y82.840 Z-15.000 F300.000 
(End of step 17.) 
G0 Z3.000 
G0 X4.153 Y87.250 
(Begin step 18.) 
G0 X4.153 Y87.250 
(part 1) 
G1 X4.153 Y87.250 Z-1.000 F300.000 
G1 X270.550 Y87.250 Z-14.961 F300.000 
G1 X271.548 Y87.250 Z-15.000 F300.000 
G1 X404.247 Y87.250 Z-15.000 F300.000 
(End of step 18.) 
G0 Z3.000 
G0 X4.153 Y91.660 
(Begin step 19.) 
G0 X4.153 Y91.660 
(part 1) 
G1 X4.153 Y91.660 Z-1.000 F300.000 
G1 X270.550 Y91.660 Z-14.961 F300.000 
G1 X271.548 Y91.660 Z-15.000 F300.000 
G1 X404.247 Y91.660 Z-15.000 F300.000 
(End of step 19.) 
G0 Z3.000 
G0 X4.153 Y96.070 
(Begin step 20.) 
G0 X4.153 Y96.070 
(part 1) 
G1 X4.153 Y96.070 Z-1.000 F300.000 
G1 X270.550 Y96.070 Z-14.961 F300.000 
G1 X271.548 Y96.070 Z-15.000 F300.000 
G1 X404.247 Y96.070 Z-15.000 F300.000 
(End of step 20.) 
G0 Z3.000 
G0 X4.153 Y100.480 
(Begin step 21.) 
G0 X4.153 Y100.480 
(part 1) 
G1 X4.153 Y100.480 Z-1.000 F300.000 
G1 X270.550 Y100.480 Z-14.961 F300.000 
G1 X271.548 Y100.480 Z-15.000 F300.000 
G1 X404.247 Y100.480 Z-15.000 F300.000 
(End of step 21.) 
G0 Z3.000 
G0 X4.153 Y104.890 
(Begin step 22.) 
G0 X4.153 Y104.890 
(part 1) 
G1 X4.153 Y104.890 Z-1.000 F300.000 
G1 X270.550 Y104.890 Z-14.961 F300.000 
G1 X271.548 Y104.890 Z-15.000 F300.000 
G1 X404.247 Y104.890 Z-15.000 F300.000 
(End of step 22.) 
G0 Z3.000 
G0 X4.153 Y109.300 
(Begin step 23.) 
G0 X4.153 Y109.300 
(part 1) 
G1 X4.153 Y109.300 Z-1.000 F300.000 
G1 X270.550 Y109.300 Z-14.961 F300.000 
G1 X271.548 Y109.300 Z-15.000 F300.000 
G1 X404.247 Y109.300 Z-15.000 F300.000 
(End of step 23.) 
G0 Z3.000 
G0 X4.153 Y113.710 
(Begin step 24.) 
G0 X4.153 Y113.710 
(part 1) 
G1 X4.153 Y113.710 Z-1.000 F300.000 
G1 X270.550 Y113.710 Z-14.961 F300.000 
G1 X271.548 Y113.710 Z-15.000 F300.000 
G1 X404.247 Y113.710 Z-15.000 F300.000 
(End of step 24.) 
G0 Z3.000 
G0 X4.153 Y118.120 
(Begin step 25.) 
G0 X4.153 Y118.120 
(part 1) 
G1 X4.153 Y118.120 Z-1.000 F300.000 
G1 X270.550 Y118.120 Z-14.961 F300.000 
G1 X271.548 Y118.120 Z-15.000 F300.000 
G1 X404.247 Y118.120 Z-15.000 F300.000 
(End of step 25.) 
G0 Z3.000 
G0 X4.153 Y122.530 
(Begin step 26.) 
G0 X4.153 Y122.530 
(part 1) 
G1 X4.153 Y122.530 Z-1.000 F300.000 
G1 X270.550 Y122.530 Z-14.961 F300.000 
G1 X271.548 Y122.530 Z-15.000 F300.000 
G1 X404.247 Y122.530 Z-15.000 F300.000 
(End of step 26.) 
G0 Z3.000 
G0 X4.153 Y126.940 
(Begin step 27.) 
G0 X4.153 Y126.940 
(part 1) 
G1 X4.153 Y126.940 Z-1.000 F300.000 
G1 X226.649 Y126.940 Z-12.661 F300.000 
G1 X227.647 Y126.940 Z-12.714 F300.000 
G1 X228.645 Y126.940 Z-12.796 F300.000 
G1 X229.642 Y126.940 Z-12.860 F300.000 
G1 X269.552 Y126.940 Z-14.952 F300.000 
G1 X270.550 Y126.940 Z-15.000 F300.000 
G1 X404.247 Y126.940 Z-15.000 F300.000 
(End of step 27.) 
G0 Z3.000 
G0 X4.153 Y131.350 
(Begin step 28.) 
G0 X4.153 Y131.350 
(part 1) 
G1 X4.153 Y131.350 Z-1.000 F300.000 
G1 X226.649 Y131.350 Z-12.661 F300.000 
G1 X227.647 Y131.350 Z-15.000 F300.000 
G1 X404.247 Y131.350 Z-15.000 F300.000 
(End of step 28.) 
G0 Z3.000 
G0 X4.153 Y135.760 
(Begin step 29.) 
G0 X4.153 Y135.760 
(part 1) 
G1 X4.153 Y135.760 Z-1.000 F300.000 
G1 X226.649 Y135.760 Z-12.661 F300.000 
G1 X227.647 Y135.760 Z-15.000 F300.000 
G1 X404.247 Y135.760 Z-15.000 F300.000 
(End of step 29.) 
G0 Z3.000 
G0 X4.153 Y140.170 
(Begin step 30.) 
G0 X4.153 Y140.170 
(part 1) 
G1 X4.153 Y140.170 Z-1.000 F300.000 
G1 X226.649 Y140.170 Z-12.661 F300.000 
G1 X227.647 Y140.170 Z-15.000 F300.000 
G1 X404.247 Y140.170 Z-15.000 F300.000 
(End of step 30.) 
G0 Z3.000 
G0 X4.153 Y144.580 
(Begin step 31.) 
G0 X4.153 Y144.580 
(part 1) 
G1 X4.153 Y144.580 Z-1.000 F300.000 
G1 X226.649 Y144.580 Z-12.661 F300.000 
G1 X227.647 Y144.580 Z-15.000 F300.000 
G1 X404.247 Y144.580 Z-15.000 F300.000 
(End of step 31.) 
G0 Z3.000 
G0 X4.153 Y148.990 
(Begin step 32.) 
G0 X4.153 Y148.990 
(part 1) 
G1 X4.153 Y148.990 Z-1.000 F300.000 
G1 X226.649 Y148.990 Z-12.661 F300.000 
G1 X227.647 Y148.990 Z-15.000 F300.000 
G1 X404.247 Y148.990 Z-15.000 F300.000 
(End of step 32.) 
G0 Z3.000 
G0 X4.153 Y153.400 
(Begin step 33.) 
G0 X4.153 Y153.400 
(part 1) 
G1 X4.153 Y153.400 Z-1.000 F300.000 
G1 X226.649 Y153.400 Z-12.661 F300.000 
G1 X227.647 Y153.400 Z-15.000 F300.000 
G1 X404.247 Y153.400 Z-15.000 F300.000 
(End of step 33.) 
G0 Z3.000 
G0 X4.153 Y157.810 
(Begin step 34.) 
G0 X4.153 Y157.810 
(part 1) 
G1 X4.153 Y157.810 Z-1.000 F300.000 
G1 X226.649 Y157.810 Z-12.661 F300.000 
G1 X227.647 Y157.810 Z-15.000 F300.000 
G1 X404.247 Y157.810 Z-15.000 F300.000 
(End of step 34.) 
G0 Z3.000 
G0 X4.153 Y162.220 
(Begin step 35.) 
G0 X4.153 Y162.220 
(part 1) 
G1 X4.153 Y162.220 Z-1.000 F300.000 
G1 X226.649 Y162.220 Z-12.661 F300.000 
G1 X227.647 Y162.220 Z-15.000 F300.000 
G1 X404.247 Y162.220 Z-15.000 F300.000 
(End of step 35.) 
G0 Z3.000 
G0 X4.153 Y166.630 
(Begin step 36.) 
G0 X4.153 Y166.630 
(part 1) 
G1 X4.153 Y166.630 Z-1.000 F300.000 
G1 X226.649 Y166.630 Z-12.661 F300.000 
G1 X227.647 Y166.630 Z-15.000 F300.000 
G1 X404.247 Y166.630 Z-15.000 F300.000 
(End of step 36.) 
G0 Z3.000 
G0 X4.153 Y171.040 
(Begin step 37.) 
G0 X4.153 Y171.040 
(part 1) 
G1 X4.153 Y171.040 Z-1.000 F300.000 
G1 X226.649 Y171.040 Z-12.661 F300.000 
G1 X227.647 Y171.040 Z-15.000 F300.000 
G1 X404.247 Y171.040 Z-15.000 F300.000 
(End of step 37.) 
G0 Z3.000 
G0 X4.153 Y175.450 
(Begin step 38.) 
G0 X4.153 Y175.450 
(part 1) 
G1 X4.153 Y175.450 Z-1.000 F300.000 
G1 X226.649 Y175.450 Z-12.661 F300.000 
G1 X227.647 Y175.450 Z-15.000 F300.000 
G1 X404.247 Y175.450 Z-15.000 F300.000 
(End of step 38.) 
G0 Z3.000 
G0 X4.153 Y179.860 
(Begin step 39.) 
G0 X4.153 Y179.860 
(part 1) 
G1 X4.153 Y179.860 Z-1.000 F300.000 
G1 X226.649 Y179.860 Z-12.661 F300.000 
G1 X227.647 Y179.860 Z-12.714 F300.000 
G1 X228.645 Y179.860 Z-12.796 F300.000 
G1 X229.642 Y179.860 Z-12.860 F300.000 
G1 X269.552 Y179.860 Z-14.952 F300.000 
G1 X270.550 Y179.860 Z-15.000 F300.000 
G1 X404.247 Y179.860 Z-15.000 F300.000 
(End of step 39.) 
G0 Z3.000 
G0 X4.153 Y184.270 
(Begin step 40.) 
G0 X4.153 Y184.270 
(part 1) 
G1 X4.153 Y184.270 Z-1.000 F300.000 
G1 X270.550 Y184.270 Z-14.961 F300.000 
G1 X271.548 Y184.270 Z-15.000 F300.000 
G1 X404.247 Y184.270 Z-15.000 F300.000 
(End of step 40.) 
G0 Z3.000 
G0 X4.153 Y188.680 
(Begin step 41.) 
G0 X4.153 Y188.680 
(part 1) 
G1 X4.153 Y188.680 Z-1.000 F300.000 
G1 X270.550 Y188.680 Z-14.961 F300.000 
G1 X271.548 Y188.680 Z-15.000 F300.000 
G1 X404.247 Y188.680 Z-15.000 F300.000 
(End of step 41.) 
G0 Z3.000 
G0 X4.153 Y193.090 
(Begin step 42.) 
G0 X4.153 Y193.090 
(part 1) 
G1 X4.153 Y193.090 Z-1.000 F300.000 
G1 X270.550 Y193.090 Z-14.961 F300.000 
G1 X271.548 Y193.090 Z-15.000 F300.000 
G1 X404.247 Y193.090 Z-15.000 F300.000 
(End of step 42.) 
G0 Z3.000 
G0 X4.153 Y197.500 
(Begin step 43.) 
G0 X4.153 Y197.500 
(part 1) 
G1 X4.153 Y197.500 Z-1.000 F300.000 
G1 X270.550 Y197.500 Z-14.961 F300.000 
G1 X271.548 Y197.500 Z-15.000 F300.000 
G1 X404.247 Y197.500 Z-15.000 F300.000 
(End of step 43.) 
G0 Z3.000 
G0 X4.153 Y201.910 
(Begin step 44.) 
G0 X4.153 Y201.910 
(part 1) 
G1 X4.153 Y201.910 Z-1.000 F300.000 
G1 X270.550 Y201.910 Z-14.961 F300.000 
G1 X271.548 Y201.910 Z-15.000 F300.000 
G1 X404.247 Y201.910 Z-15.000 F300.000 
(End of step 44.) 
G0 Z3.000 
G0 X4.153 Y206.320 
(Begin step 45.) 
G0 X4.153 Y206.320 
(part 1) 
G1 X4.153 Y206.320 Z-1.000 F300.000 
G1 X270.550 Y206.320 Z-14.961 F300.000 
G1 X271.548 Y206.320 Z-15.000 F300.000 
G1 X404.247 Y206.320 Z-15.000 F300.000 
(End of step 45.) 
G0 Z3.000 
G0 X4.153 Y210.730 
(Begin step 46.) 
G0 X4.153 Y210.730 
(part 1) 
G1 X4.153 Y210.730 Z-1.000 F300.000 
G1 X270.550 Y210.730 Z-14.961 F300.000 
G1 X271.548 Y210.730 Z-15.000 F300.000 
G1 X404.247 Y210.730 Z-15.000 F300.000 
(End of step 46.) 
G0 Z3.000 
G0 X4.153 Y215.140 
(Begin step 47.) 
G0 X4.153 Y215.140 
(part 1) 
G1 X4.153 Y215.140 Z-1.000 F300.000 
G1 X270.550 Y215.140 Z-14.961 F300.000 
G1 X271.548 Y215.140 Z-15.000 F300.000 
G1 X404.247 Y215.140 Z-15.000 F300.000 
(End of step 47.) 
G0 Z3.000 
G0 X4.153 Y219.550 
(Begin step 48.) 
G0 X4.153 Y219.550 
(part 1) 
G1 X4.153 Y219.550 Z-1.000 F300.000 
G1 X270.550 Y219.550 Z-14.961 F300.000 
G1 X271.548 Y219.550 Z-15.000 F300.000 
G1 X404.247 Y219.550 Z-15.000 F300.000 
(End of step 48.) 
G0 Z3.000 
G0 X4.153 Y223.960 
(Begin step 49.) 
G0 X4.153 Y223.960 
(part 1) 
G1 X4.153 Y223.960 Z-1.000 F300.000 
G1 X270.550 Y223.960 Z-14.961 F300.000 
G1 X271.548 Y223.960 Z-15.000 F300.000 
G1 X404.247 Y223.960 Z-15.000 F300.000 
(End of step 49.) 
G0 Z3.000 
G0 X4.153 Y228.370 
(Begin step 50.) 
G0 X4.153 Y228.370 
(part 1) 
G1 X4.153 Y228.370 Z-1.000 F300.000 
G1 X270.550 Y228.370 Z-14.961 F300.000 
G1 X271.548 Y228.370 Z-15.000 F300.000 
G1 X404.247 Y228.370 Z-15.000 F300.000 
(End of step 50.) 
G0 Z3.000 
G0 X4.153 Y232.780 
(Begin step 51.) 
G0 X4.153 Y232.780 
(part 1) 
G1 X4.153 Y232.780 Z-1.000 F300.000 
G1 X270.550 Y232.780 Z-14.961 F300.000 
G1 X271.548 Y232.780 Z-15.000 F300.000 
G1 X404.247 Y232.780 Z-15.000 F300.000 
(End of step 51.) 
G0 Z3.000 
G0 X4.153 Y237.190 
(Begin step 52.) 
G0 X4.153 Y237.190 
(part 1) 
G1 X4.153 Y237.190 Z-1.000 F300.000 
G1 X270.550 Y237.190 Z-14.961 F300.000 
G1 X271.548 Y237.190 Z-15.000 F300.000 
G1 X404.247 Y237.190 Z-15.000 F300.000 
(End of step 52.) 
G0 Z3.000 
G0 X4.153 Y241.600 
(Begin step 53.) 
G0 X4.153 Y241.600 
(part 1) 
G1 X4.153 Y241.600 Z-1.000 F300.000 
G1 X270.550 Y241.600 Z-14.961 F300.000 
G1 X271.548 Y241.600 Z-15.000 F300.000 
G1 X404.247 Y241.600 Z-15.000 F300.000 
(End of step 53.) 
G0 Z3.000 
G0 X4.153 Y246.010 
(Begin step 54.) 
G0 X4.153 Y246.010 
(part 1) 
G1 X4.153 Y246.010 Z-1.000 F300.000 
G1 X270.550 Y246.010 Z-14.961 F300.000 
G1 X271.548 Y246.010 Z-15.000 F300.000 
G1 X404.247 Y246.010 Z-15.000 F300.000 
(End of step 54.) 
G0 Z3.000 
G0 X4.153 Y250.420 
(Begin step 55.) 
G0 X4.153 Y250.420 
(part 1) 
G1 X4.153 Y250.420 Z-1.000 F300.000 
G1 X270.550 Y250.420 Z-14.961 F300.000 
G1 X271.548 Y250.420 Z-15.000 F300.000 
G1 X404.247 Y250.420 Z-15.000 F300.000 
(End of step 55.) 
G0 Z3.000 
G0 X4.153 Y254.830 
(Begin step 56.) 
G0 X4.153 Y254.830 
(part 1) 
G1 X4.153 Y254.830 Z-1.000 F300.000 
G1 X270.550 Y254.830 Z-14.961 F300.000 
G1 X271.548 Y254.830 Z-15.000 F300.000 
G1 X404.247 Y254.830 Z-15.000 F300.000 
(End of step 56.) 
G0 Z3.000 
G0 X4.153 Y259.240 
(Begin step 57.) 
G0 X4.153 Y259.240 
(part 1) 
G1 X4.153 Y259.240 Z-1.000 F300.000 
G1 X270.550 Y259.240 Z-14.961 F300.000 
G1 X271.548 Y259.240 Z-15.000 F300.000 
G1 X404.247 Y259.240 Z-15.000 F300.000 
(End of step 57.) 
G0 Z3.000 
G0 X4.153 Y263.650 
(Begin step 58.) 
G0 X4.153 Y263.650 
(part 1) 
G1 X4.153 Y263.650 Z-1.000 F300.000 
G1 X270.550 Y263.650 Z-14.961 F300.000 
G1 X271.548 Y263.650 Z-15.000 F300.000 
G1 X404.247 Y263.650 Z-15.000 F300.000 
(End of step 58.) 
G0 Z3.000 
G0 X4.153 Y268.060 
(Begin step 59.) 
G0 X4.153 Y268.060 
(part 1) 
G1 X4.153 Y268.060 Z-1.000 F300.000 
G1 X270.550 Y268.060 Z-14.961 F300.000 
G1 X271.548 Y268.060 Z-15.000 F300.000 
G1 X404.247 Y268.060 Z-15.000 F300.000 
(End of step 59.) 
G0 Z3.000 
G0 X4.153 Y272.470 
(Begin step 60.) 
G0 X4.153 Y272.470 
(part 1) 
G1 X4.153 Y272.470 Z-1.000 F300.000 
G1 X270.550 Y272.470 Z-14.961 F300.000 
G1 X271.548 Y272.470 Z-15.000 F300.000 
G1 X404.247 Y272.470 Z-15.000 F300.000 
(End of step 60.) 
G0 Z3.000 
G0 X4.153 Y276.880 
(Begin step 61.) 
G0 X4.153 Y276.880 
(part 1) 
G1 X4.153 Y276.880 Z-1.000 F300.000 
G1 X270.550 Y276.880 Z-14.961 F300.000 
G1 X271.548 Y276.880 Z-15.000 F300.000 
G1 X404.247 Y276.880 Z-15.000 F300.000 
(End of step 61.) 
G0 Z3.000 
G0 X4.153 Y281.290 
(Begin step 62.) 
G0 X4.153 Y281.290 
(part 1) 
G1 X4.153 Y281.290 Z-1.000 F300.000 
G1 X270.550 Y281.290 Z-14.961 F300.000 
G1 X271.548 Y281.290 Z-15.000 F300.000 
G1 X404.247 Y281.290 Z-15.000 F300.000 
(End of step 62.) 
G0 Z3.000 
G0 X4.153 Y285.700 
(Begin step 63.) 
G0 X4.153 Y285.700 
(part 1) 
G1 X4.153 Y285.700 Z-1.000 F300.000 
G1 X270.550 Y285.700 Z-14.961 F300.000 
G1 X271.548 Y285.700 Z-15.000 F300.000 
G1 X404.247 Y285.700 Z-15.000 F300.000 
(End of step 63.) 
G0 Z3.000 
G0 X4.153 Y290.110 
(Begin step 64.) 
G0 X4.153 Y290.110 
(part 1) 
G1 X4.153 Y290.110 Z-1.000 F300.000 
G1 X270.550 Y290.110 Z-14.961 F300.000 
G1 X271.548 Y290.110 Z-15.000 F300.000 
G1 X404.247 Y290.110 Z-15.000 F300.000 
(End of step 64.) 
G0 Z3.000 
G0 X4.153 Y294.520 
(Begin step 65.) 
G0 X4.153 Y294.520 
(part 1) 
G1 X4.153 Y294.520 Z-1.000 F300.000 
G1 X270.550 Y294.520 Z-14.961 F300.000 
G1 X271.548 Y294.520 Z-15.000 F300.000 
G1 X404.247 Y294.520 Z-15.000 F300.000 
(End of step 65.) 
G0 Z3.000 
G0 X4.153 Y298.930 
(Begin step 66.) 
G0 X4.153 Y298.930 
(part 1) 
G1 X4.153 Y298.930 Z-1.000 F300.000 
G1 X270.550 Y298.930 Z-14.961 F300.000 
G1 X271.548 Y298.930 Z-15.000 F300.000 
G1 X404.247 Y298.930 Z-15.000 F300.000 
(End of step 66.) 
(End of layer 4) 
(Layer 5 begins) 
(Layer transition) 
G0 Z3.000 
G0 X4.153 Y7.870 
(Begin step 0.) 
G0 X4.153 Y7.870 
(part 1) 
G1 X4.153 Y7.870 Z-1.000 F300.000 
G1 X328.419 Y7.870 Z-17.994 F300.000 
G1 X329.417 Y7.870 Z-18.000 F300.000 
G1 X404.247 Y7.870 Z-18.000 F300.000 
(End of step 0.) 
G0 Z3.000 
G0 X4.153 Y12.280 
(Begin step 1.) 
G0 X4.153 Y12.280 
(part 1) 
G1 X4.153 Y12.280 Z-1.000 F300.000 
G1 X328.419 Y12.280 Z-17.994 F300.000 
G1 X329.417 Y12.280 Z-18.000 F300.000 
G1 X404.247 Y12.280 Z-18.000 F300.000 
(End of step 1.) 
G0 Z3.000 
G0 X4.153 Y16.690 
(Begin step 2.) 
G0 X4.153 Y16.690 
(part 1) 
G1 X4.153 Y16.690 Z-1.000 F300.000 
G1 X328.419 Y16.690 Z-17.994 F300.000 
G1 X329.417 Y16.690 Z-18.000 F300.000 
G1 X404.247 Y16.690 Z-18.000 F300.000 
(End of step 2.) 
G0 Z3.000 
G0 X4.153 Y21.100 
(Begin step 3.) 
G0 X4.153 Y21.100 
(part 1) 
G1 X4.153 Y21.100 Z-1.000 F300.000 
G1 X328.419 Y21.100 Z-17.994 F300.000 
G1 X329.417 Y21.100 Z-18.000 F300.000 
G1 X404.247 Y21.100 Z-18.000 F300.000 
(End of step 3.) 
G0 Z3.000 
G0 X4.153 Y25.510 
(Begin step 4.) 
G0 X4.153 Y25.510 
(part 1) 
G1 X4.153 Y25.510 Z-1.000 F300.000 
G1 X328.419 Y25.510 Z-17.994 F300.000 
G1 X329.417 Y25.510 Z-18.000 F300.000 
G1 X404.247 Y25.510 Z-18.000 F300.000 
(End of step 4.) 
G0 Z3.000 
G0 X4.153 Y29.920 
(Begin step 5.) 
G0 X4.153 Y29.920 
(part 1) 
G1 X4.153 Y29.920 Z-1.000 F300.000 
G1 X328.419 Y29.920 Z-17.994 F300.000 
G1 X329.417 Y29.920 Z-18.000 F300.000 
G1 X404.247 Y29.920 Z-18.000 F300.000 
(End of step 5.) 
G0 Z3.000 
G0 X4.153 Y34.330 
(Begin step 6.) 
G0 X4.153 Y34.330 
(part 1) 
G1 X4.153 Y34.330 Z-1.000 F300.000 
G1 X328.419 Y34.330 Z-17.994 F300.000 
G1 X329.417 Y34.330 Z-18.000 F300.000 
G1 X404.247 Y34.330 Z-18.000 F300.000 
(End of step 6.) 
G0 Z3.000 
G0 X4.153 Y38.740 
(Begin step 7.) 
G0 X4.153 Y38.740 
(part 1) 
G1 X4.153 Y38.740 Z-1.000 F300.000 
G1 X328.419 Y38.740 Z-17.994 F300.000 
G1 X329.417 Y38.740 Z-18.000 F300.000 
G1 X404.247 Y38.740 Z-18.000 F300.000 
(End of step 7.) 
G0 Z3.000 
G0 X4.153 Y43.150 
(Begin step 8.) 
G0 X4.153 Y43.150 
(part 1) 
G1 X4.153 Y43.150 Z-1.000 F300.000 
G1 X328.419 Y43.150 Z-17.994 F300.000 
G1 X329.417 Y43.150 Z-18.000 F300.000 
G1 X404.247 Y43.150 Z-18.000 F300.000 
(End of step 8.) 
G0 Z3.000 
G0 X4.153 Y47.560 
(Begin step 9.) 
G0 X4.153 Y47.560 
(part 1) 
G1 X4.153 Y47.560 Z-1.000 F300.000 
G1 X328.419 Y47.560 Z-17.994 F300.000 
G1 X329.417 Y47.560 Z-18.000 F300.000 
G1 X404.247 Y47.560 Z-18.000 F300.000 
(End of step 9.) 
G0 Z3.000 
G0 X4.153 Y51.970 
(Begin step 10.) 
G0 X4.153 Y51.970 
(part 1) 
G1 X4.153 Y51.970 Z-1.000 F300.000 
G1 X328.419 Y51.970 Z-17.994 F300.000 
G1 X329.417 Y51.970 Z-18.000 F300.000 
G1 X404.247 Y51.970 Z-18.000 F300.000 
(End of step 10.) 
G0 Z3.000 
G0 X4.153 Y56.380 
(Begin step 11.) 
G0 X4.153 Y56.380 
(part 1) 
G1 X4.153 Y56.380 Z-1.000 F300.000 
G1 X328.419 Y56.380 Z-17.994 F300.000 
G1 X329.417 Y56.380 Z-18.000 F300.000 
G1 X404.247 Y56.380 Z-18.000 F300.000 
(End of step 11.) 
G0 Z3.000 
G0 X4.153 Y60.790 
(Begin step 12.) 
G0 X4.153 Y60.790 
(part 1) 
G1 X4.153 Y60.790 Z-1.000 F300.000 
G1 X328.419 Y60.790 Z-17.994 F300.000 
G1 X329.417 Y60.790 Z-18.000 F300.000 
G1 X404.247 Y60.790 Z-18.000 F300.000 
(End of step 12.) 
G0 Z3.000 
G0 X4.153 Y65.200 
(Begin step 13.) 
G0 X4.153 Y65.200 
(part 1) 
G1 X4.153 Y65.200 Z-1.000 F300.000 
G1 X328.419 Y65.200 Z-17.994 F300.000 
G1 X329.417 Y65.200 Z-18.000 F300.000 
G1 X404.247 Y65.200 Z-18.000 F300.000 
(End of step 13.) 
G0 Z3.000 
G0 X4.153 Y69.610 
(Begin step 14.) 
G0 X4.153 Y69.610 
(part 1) 
G1 X4.153 Y69.610 Z-1.000 F300.000 
G1 X328.419 Y69.610 Z-17.994 F300.000 
G1 X329.417 Y69.610 Z-18.000 F300.000 
G1 X404.247 Y69.610 Z-18.000 F300.000 
(End of step 14.) 
G0 Z3.000 
G0 X4.153 Y74.020 
(Begin step 15.) 
G0 X4.153 Y74.020 
(part 1) 
G1 X4.153 Y74.020 Z-1.000 F300.000 
G1 X328.419 Y74.020 Z-17.994 F300.000 
G1 X329.417 Y74.020 Z-18.000 F300.000 
G1 X404.247 Y74.020 Z-18.000 F300.000 
(End of step 15.) 
G0 Z3.000 
G0 X4.153 Y78.430 
(Begin step 16.) 
G0 X4.153 Y78.430 
(part 1) 
G1 X4.153 Y78.430 Z-1.000 F300.000 
G1 X328.419 Y78.430 Z-17.994 F300.000 
G1 X329.417 Y78.430 Z-18.000 F300.000 
G1 X404.247 Y78.430 Z-18.000 F300.000 
(End of step 16.) 
G0 Z3.000 
G0 X4.153 Y82.840 
(Begin step 17.) 
G0 X4.153 Y82.840 
(part 1) 
G1 X4.153 Y82.840 Z-1.000 F300.000 
G1 X328.419 Y82.840 Z-17.994 F300.000 
G1 X329.417 Y82.840 Z-18.000 F300.000 
G1 X404.247 Y82.840 Z-18.000 F300.000 
(End of step 17.) 
G0 Z3.000 
G0 X4.153 Y87.250 
(Begin step 18.) 
G0 X4.153 Y87.250 
(part 1) 
G1 X4.153 Y87.250 Z-1.000 F300.000 
G1 X328.419 Y87.250 Z-17.994 F300.000 
G1 X329.417 Y87.250 Z-18.000 F300.000 
G1 X404.247 Y87.250 Z-18.000 F300.000 
(End of step 18.) 
G0 Z3.000 
G0 X4.153 Y91.660 
(Begin step 19.) 
G0 X4.153 Y91.660 
(part 1) 
G1 X4.153 Y91.660 Z-1.000 F300.000 
G1 X328.419 Y91.660 Z-17.994 F300.000 
G1 X329.417 Y91.660 Z-18.000 F300.000 
G1 X404.247 Y91.660 Z-18.000 F300.000 
(End of step 19.) 
G0 Z3.000 
G0 X4.153 Y96.070 
(Begin step 20.) 
G0 X4.153 Y96.070 
(part 1) 
G1 X4.153 Y96.070 Z-1.000 F300.000 
G1 X328.419 Y96.070 Z-17.994 F300.000 
G1 X329.417 Y96.070 Z-18.000 F300.000 
G1 X404.247 Y96.070 Z-18.000 F300.000 
(End of step 20.) 
G0 Z3.000 
G0 X4.153 Y100.480 
(Begin step 21.) 
G0 X4.153 Y100.480 
(part 1) 
G1 X4.153 Y100.480 Z-1.000 F300.000 
G1 X328.419 Y100.480 Z-17.994 F300.000 
G1 X329.417 Y100.480 Z-18.000 F300.000 
G1 X404.247 Y100.480 Z-18.000 F300.000 
(End of step 21.) 
G0 Z3.000 
G0 X4.153 Y104.890 
(Begin step 22.) 
G0 X4.153 Y104.890 
(part 1) 
G1 X4.153 Y104.890 Z-1.000 F300.000 
G1 X328.419 Y104.890 Z-17.994 F300.000 
G1 X329.417 Y104.890 Z-18.000 F300.000 
G1 X404.247 Y104.890 Z-18.000 F300.000 
(End of step 22.) 
G0 Z3.000 
G0 X4.153 Y109.300 
(Begin step 23.) 
G0 X4.153 Y109.300 
(part 1) 
G1 X4.153 Y109.300 Z-1.000 F300.000 
G1 X328.419 Y109.300 Z-17.994 F300.000 
G1 X329.417 Y109.300 Z-18.000 F300.000 
G1 X404.247 Y109.300 Z-18.000 F300.000 
(End of step 23.) 
G0 Z3.000 
G0 X4.153 Y113.710 
(Begin step 24.) 
G0 X4.153 Y113.710 
(part 1) 
G1 X4.153 Y113.710 Z-1.000 F300.000 
G1 X328.419 Y113.710 Z-17.994 F300.000 
G1 X329.417 Y113.710 Z-18.000 F300.000 
G1 X404.247 Y113.710 Z-18.000 F300.000 
(End of step 24.) 
G0 Z3.000 
G0 X4.153 Y118.120 
(Begin step 25.) 
G0 X4.153 Y118.120 
(part 1) 
G1 X4.153 Y118.120 Z-1.000 F300.000 
G1 X328.419 Y118.120 Z-17.994 F300.000 
G1 X329.417 Y118.120 Z-18.000 F300.000 
G1 X404.247 Y118.120 Z-18.000 F300.000 
(End of step 25.) 
G0 Z3.000 
G0 X4.153 Y122.530 
(Begin step 26.) 
G0 X4.153 Y122.530 
(part 1) 
G1 X4.153 Y122.530 Z-1.000 F300.000 
G1 X328.419 Y122.530 Z-17.994 F300.000 
G1 X329.417 Y122.530 Z-18.000 F300.000 
G1 X404.247 Y122.530 Z-18.000 F300.000 
(End of step 26.) 
G0 Z3.000 
G0 X4.153 Y126.940 
(Begin step 27.) 
G0 X4.153 Y126.940 
(part 1) 
G1 X4.153 Y126.940 Z-1.000 F300.000 
G1 X226.649 Y126.940 Z-12.661 F300.000 
G1 X227.647 Y126.940 Z-12.714 F300.000 
G1 X228.645 Y126.940 Z-12.796 F300.000 
G1 X229.642 Y126.940 Z-12.860 F300.000 
G1 X327.421 Y126.940 Z-17.985 F300.000 
G1 X328.419 Y126.940 Z-18.000 F300.000 
G1 X404.247 Y126.940 Z-18.000 F300.000 
(End of step 27.) 
G0 Z3.000 
G0 X4.153 Y131.350 
(Begin step 28.) 
G0 X4.153 Y131.350 
(part 1) 
G1 X4.153 Y131.350 Z-1.000 F300.000 
G1 X226.649 Y131.350 Z-12.661 F300.000 
G1 X227.647 Y131.350 Z-18.000 F300.000 
G1 X404.247 Y131.350 Z-18.000 F300.000 
(End of step 28.) 
G0 Z3.000 
G0 X4.153 Y135.760 
(Begin step 29.) 
G0 X4.153 Y135.760 
(part 1) 
G1 X4.153 Y135.760 Z-1.000 F300.000 
G1 X226.649 Y135.760 Z-12.661 F300.000 
G1 X227.647 Y135.760 Z-18.000 F300.000 
G1 X404.247 Y135.760 Z-18.000 F300.000 
(End of step 29.) 
G0 Z3.000 
G0 X4.153 Y140.170 
(Begin step 30.) 
G0 X4.153 Y140.170 
(part 1) 
G1 X4.153 Y140.170 Z-1.000 F300.000 
G1 X226.649 Y140.170 Z-12.661 F300.000 
G1 X227.647 Y140.170 Z-18.000 F300.000 
G1 X404.247 Y140.170 Z-18.000 F300.000 
(End of step 30.) 
G0 Z3.000 
G0 X4.153 Y144.580 
(Begin step 31.) 
G0 X4.153 Y144.580 
(part 1) 
G1 X4.153 Y144.580 Z-1.000 F300.000 
G1 X226.649 Y144.580 Z-12.661 F300.000 
G1 X227.647 Y144.580 Z-18.000 F300.000 
G1 X404.247 Y144.580 Z-18.000 F300.000 
(End of step 31.) 
G0 Z3.000 
G0 X4.153 Y148.990 
(Begin step 32.) 
G0 X4.153 Y148.990 
(part 1) 
G1 X4.153 Y148.990 Z-1.000 F300.000 
G1 X226.649 Y148.990 Z-12.661 F300.000 
G1 X227.647 Y148.990 Z-18.000 F300.000 
G1 X404.247 Y148.990 Z-18.000 F300.000 
(End of step 32.) 
G0 Z3.000 
G0 X4.153 Y153.400 
(Begin step 33.) 
G0 X4.153 Y153.400 
(part 1) 
G1 X4.153 Y153.400 Z-1.000 F300.000 
G1 X226.649 Y153.400 Z-12.661 F300.000 
G1 X227.647 Y153.400 Z-18.000 F300.000 
G1 X404.247 Y153.400 Z-18.000 F300.000 
(End of step 33.) 
G0 Z3.000 
G0 X4.153 Y157.810 
(Begin step 34.) 
G0 X4.153 Y157.810 
(part 1) 
G1 X4.153 Y157.810 Z-1.000 F300.000 
G1 X226.649 Y157.810 Z-12.661 F300.000 
G1 X227.647 Y157.810 Z-18.000 F300.000 
G1 X404.247 Y157.810 Z-18.000 F300.000 
(End of step 34.) 
G0 Z3.000 
G0 X4.153 Y162.220 
(Begin step 35.) 
G0 X4.153 Y162.220 
(part 1) 
G1 X4.153 Y162.220 Z-1.000 F300.000 
G1 X226.649 Y162.220 Z-12.661 F300.000 
G1 X227.647 Y162.220 Z-18.000 F300.000 
G1 X404.247 Y162.220 Z-18.000 F300.000 
(End of step 35.) 
G0 Z3.000 
G0 X4.153 Y166.630 
(Begin step 36.) 
G0 X4.153 Y166.630 
(part 1) 
G1 X4.153 Y166.630 Z-1.000 F300.000 
G1 X226.649 Y166.630 Z-12.661 F300.000 
G1 X227.647 Y166.630 Z-18.000 F300.000 
G1 X404.247 Y166.630 Z-18.000 F300.000 
(End of step 36.) 
G0 Z3.000 
G0 X4.153 Y171.040 
(Begin step 37.) 
G0 X4.153 Y171.040 
(part 1) 
G1 X4.153 Y171.040 Z-1.000 F300.000 
G1 X226.649 Y171.040 Z-12.661 F300.000 
G1 X227.647 Y171.040 Z-18.000 F300.000 
G1 X404.247 Y171.040 Z-18.000 F300.000 
(End of step 37.) 
G0 Z3.000 
G0 X4.153 Y175.450 
(Begin step 38.) 
G0 X4.153 Y175.450 
(part 1) 
G1 X4.153 Y175.450 Z-1.000 F300.000 
G1 X226.649 Y175.450 Z-12.661 F300.000 
G1 X227.647 Y175.450 Z-18.000 F300.000 
G1 X404.247 Y175.450 Z-18.000 F300.000 
(End of step 38.) 
G0 Z3.000 
G0 X4.153 Y179.860 
(Begin step 39.) 
G0 X4.153 Y179.860 
(part 1) 
G1 X4.153 Y179.860 Z-1.000 F300.000 
G1 X226.649 Y179.860 Z-12.661 F300.000 
G1 X227.647 Y179.860 Z-12.714 F300.000 
G1 X228.645 Y179.860 Z-12.796 F300.000 
G1 X229.642 Y179.860 Z-12.860 F300.000 
G1 X327.421 Y179.860 Z-17.985 F300.000 
G1 X328.419 Y179.860 Z-18.000 F300.000 
G1 X404.247 Y179.860 Z-18.000 F300.000 
(End of step 39.) 
G0 Z3.000 
G0 X4.153 Y184.270 
(Begin step 40.) 
G0 X4.153 Y184.270 
(part 1) 
G1 X4.153 Y184.270 Z-1.000 F300.000 
G1 X328.419 Y184.270 Z-17.994 F300.000 
G1 X329.417 Y184.270 Z-18.000 F300.000 
G1 X404.247 Y184.270 Z-18.000 F300.000 
(End of step 40.) 
G0 Z3.000 
G0 X4.153 Y188.680 
(Begin step 41.) 
G0 X4.153 Y188.680 
(part 1) 
G1 X4.153 Y188.680 Z-1.000 F300.000 
G1 X328.419 Y188.680 Z-17.994 F300.000 
G1 X329.417 Y188.680 Z-18.000 F300.000 
G1 X404.247 Y188.680 Z-18.000 F300.000 
(End of step 41.) 
G0 Z3.000 
G0 X4.153 Y193.090 
(Begin step 42.) 
G0 X4.153 Y193.090 
(part 1) 
G1 X4.153 Y193.090 Z-1.000 F300.000 
G1 X328.419 Y193.090 Z-17.994 F300.000 
G1 X329.417 Y193.090 Z-18.000 F300.000 
G1 X404.247 Y193.090 Z-18.000 F300.000 
(End of step 42.) 
G0 Z3.000 
G0 X4.153 Y197.500 
(Begin step 43.) 
G0 X4.153 Y197.500 
(part 1) 
G1 X4.153 Y197.500 Z-1.000 F300.000 
G1 X328.419 Y197.500 Z-17.994 F300.000 
G1 X329.417 Y197.500 Z-18.000 F300.000 
G1 X404.247 Y197.500 Z-18.000 F300.000 
(End of step 43.) 
G0 Z3.000 
G0 X4.153 Y201.910 
(Begin step 44.) 
G0 X4.153 Y201.910 
(part 1) 
G1 X4.153 Y201.910 Z-1.000 F300.000 
G1 X328.419 Y201.910 Z-17.994 F300.000 
G1 X329.417 Y201.910 Z-18.000 F300.000 
G1 X404.247 Y201.910 Z-18.000 F300.000 
(End of step 44.) 
G0 Z3.000 
G0 X4.153 Y206.320 
(Begin step 45.) 
G0 X4.153 Y206.320 
(part 1) 
G1 X4.153 Y206.320 Z-1.000 F300.000 
G1 X328.419 Y206.320 Z-17.994 F300.000 
G1 X329.417 Y206.320 Z-18.000 F300.000 
G1 X404.247 Y206.320 Z-18.000 F300.000 
(End of step 45.) 
G0 Z3.000 
G0 X4.153 Y210.730 
(Begin step 46.) 
G0 X4.153 Y210.730 
(part 1) 
G1 X4.153 Y210.730 Z-1.000 F300.000 
G1 X328.419 Y210.730 Z-17.994 F300.000 
G1 X329.417 Y210.730 Z-18.000 F300.000 
G1 X404.247 Y210.730 Z-18.000 F300.000 
(End of step 46.) 
G0 Z3.000 
G0 X4.153 Y215.140 
(Begin step 47.) 
G0 X4.153 Y215.140 
(part 1) 
G1 X4.153 Y215.140 Z-1.000 F300.000 
G1 X328.419 Y215.140 Z-17.994 F300.000 
G1 X329.417 Y215.140 Z-18.000 F300.000 
G1 X404.247 Y215.140 Z-18.000 F300.000 
(End of step 47.) 
G0 Z3.000 
G0 X4.153 Y219.550 
(Begin step 48.) 
G0 X4.153 Y219.550 
(part 1) 
G1 X4.153 Y219.550 Z-1.000 F300.000 
G1 X328.419 Y219.550 Z-17.994 F300.000 
G1 X329.417 Y219.550 Z-18.000 F300.000 
G1 X404.247 Y219.550 Z-18.000 F300.000 
(End of step 48.) 
G0 Z3.000 
G0 X4.153 Y223.960 
(Begin step 49.) 
G0 X4.153 Y223.960 
(part 1) 
G1 X4.153 Y223.960 Z-1.000 F300.000 
G1 X328.419 Y223.960 Z-17.994 F300.000 
G1 X329.417 Y223.960 Z-18.000 F300.000 
G1 X404.247 Y223.960 Z-18.000 F300.000 
(End of step 49.) 
G0 Z3.000 
G0 X4.153 Y228.370 
(Begin step 50.) 
G0 X4.153 Y228.370 
(part 1) 
G1 X4.153 Y228.370 Z-1.000 F300.000 
G1 X328.419 Y228.370 Z-17.994 F300.000 
G1 X329.417 Y228.370 Z-18.000 F300.000 
G1 X404.247 Y228.370 Z-18.000 F300.000 
(End of step 50.) 
G0 Z3.000 
G0 X4.153 Y232.780 
(Begin step 51.) 
G0 X4.153 Y232.780 
(part 1) 
G1 X4.153 Y232.780 Z-1.000 F300.000 
G1 X328.419 Y232.780 Z-17.994 F300.000 
G1 X329.417 Y232.780 Z-18.000 F300.000 
G1 X404.247 Y232.780 Z-18.000 F300.000 
(End of step 51.) 
G0 Z3.000 
G0 X4.153 Y237.190 
(Begin step 52.) 
G0 X4.153 Y237.190 
(part 1) 
G1 X4.153 Y237.190 Z-1.000 F300.000 
G1 X328.419 Y237.190 Z-17.994 F300.000 
G1 X329.417 Y237.190 Z-18.000 F300.000 
G1 X404.247 Y237.190 Z-18.000 F300.000 
(End of step 52.) 
G0 Z3.000 
G0 X4.153 Y241.600 
(Begin step 53.) 
G0 X4.153 Y241.600 
(part 1) 
G1 X4.153 Y241.600 Z-1.000 F300.000 
G1 X328.419 Y241.600 Z-17.994 F300.000 
G1 X329.417 Y241.600 Z-18.000 F300.000 
G1 X404.247 Y241.600 Z-18.000 F300.000 
(End of step 53.) 
G0 Z3.000 
G0 X4.153 Y246.010 
(Begin step 54.) 
G0 X4.153 Y246.010 
(part 1) 
G1 X4.153 Y246.010 Z-1.000 F300.000 
G1 X328.419 Y246.010 Z-17.994 F300.000 
G1 X329.417 Y246.010 Z-18.000 F300.000 
G1 X404.247 Y246.010 Z-18.000 F300.000 
(End of step 54.) 
G0 Z3.000 
G0 X4.153 Y250.420 
(Begin step 55.) 
G0 X4.153 Y250.420 
(part 1) 
G1 X4.153 Y250.420 Z-1.000 F300.000 
G1 X328.419 Y250.420 Z-17.994 F300.000 
G1 X329.417 Y250.420 Z-18.000 F300.000 
G1 X404.247 Y250.420 Z-18.000 F300.000 
(End of step 55.) 
G0 Z3.000 
G0 X4.153 Y254.830 
(Begin step 56.) 
G0 X4.153 Y254.830 
(part 1) 
G1 X4.153 Y254.830 Z-1.000 F300.000 
G1 X328.419 Y254.830 Z-17.994 F300.000 
G1 X329.417 Y254.830 Z-18.000 F300.000 
G1 X404.247 Y254.830 Z-18.000 F300.000 
(End of step 56.) 
G0 Z3.000 
G0 X4.153 Y259.240 
(Begin step 57.) 
G0 X4.153 Y259.240 
(part 1) 
G1 X4.153 Y259.240 Z-1.000 F300.000 
G1 X328.419 Y259.240 Z-17.994 F300.000 
G1 X329.417 Y259.240 Z-18.000 F300.000 
G1 X404.247 Y259.240 Z-18.000 F300.000 
(End of step 57.) 
G0 Z3.000 
G0 X4.153 Y263.650 
(Begin step 58.) 
G0 X4.153 Y263.650 
(part 1) 
G1 X4.153 Y263.650 Z-1.000 F300.000 
G1 X328.419 Y263.650 Z-17.994 F300.000 
G1 X329.417 Y263.650 Z-18.000 F300.000 
G1 X404.247 Y263.650 Z-18.000 F300.000 
(End of step 58.) 
G0 Z3.000 
G0 X4.153 Y268.060 
(Begin step 59.) 
G0 X4.153 Y268.060 
(part 1) 
G1 X4.153 Y268.060 Z-1.000 F300.000 
G1 X328.419 Y268.060 Z-17.994 F300.000 
G1 X329.417 Y268.060 Z-18.000 F300.000 
G1 X404.247 Y268.060 Z-18.000 F300.000 
(End of step 59.) 
G0 Z3.000 
G0 X4.153 Y272.470 
(Begin step 60.) 
G0 X4.153 Y272.470 
(part 1) 
G1 X4.153 Y272.470 Z-1.000 F300.000 
G1 X328.419 Y272.470 Z-17.994 F300.000 
G1 X329.417 Y272.470 Z-18.000 F300.000 
G1 X404.247 Y272.470 Z-18.000 F300.000 
(End of step 60.) 
G0 Z3.000 
G0 X4.153 Y276.880 
(Begin step 61.) 
G0 X4.153 Y276.880 
(part 1) 
G1 X4.153 Y276.880 Z-1.000 F300.000 
G1 X328.419 Y276.880 Z-17.994 F300.000 
G1 X329.417 Y276.880 Z-18.000 F300.000 
G1 X404.247 Y276.880 Z-18.000 F300.000 
(End of step 61.) 
G0 Z3.000 
G0 X4.153 Y281.290 
(Begin step 62.) 
G0 X4.153 Y281.290 
(part 1) 
G1 X4.153 Y281.290 Z-1.000 F300.000 
G1 X328.419 Y281.290 Z-17.994 F300.000 
G1 X329.417 Y281.290 Z-18.000 F300.000 
G1 X404.247 Y281.290 Z-18.000 F300.000 
(End of step 62.) 
G0 Z3.000 
G0 X4.153 Y285.700 
(Begin step 63.) 
G0 X4.153 Y285.700 
(part 1) 
G1 X4.153 Y285.700 Z-1.000 F300.000 
G1 X328.419 Y285.700 Z-17.994 F300.000 
G1 X329.417 Y285.700 Z-18.000 F300.000 
G1 X404.247 Y285.700 Z-18.000 F300.000 
(End of step 63.) 
G0 Z3.000 
G0 X4.153 Y290.110 
(Begin step 64.) 
G0 X4.153 Y290.110 
(part 1) 
G1 X4.153 Y290.110 Z-1.000 F300.000 
G1 X328.419 Y290.110 Z-17.994 F300.000 
G1 X329.417 Y290.110 Z-18.000 F300.000 
G1 X404.247 Y290.110 Z-18.000 F300.000 
(End of step 64.) 
G0 Z3.000 
G0 X4.153 Y294.520 
(Begin step 65.) 
G0 X4.153 Y294.520 
(part 1) 
G1 X4.153 Y294.520 Z-1.000 F300.000 
G1 X328.419 Y294.520 Z-17.994 F300.000 
G1 X329.417 Y294.520 Z-18.000 F300.000 
G1 X404.247 Y294.520 Z-18.000 F300.000 
(End of step 65.) 
G0 Z3.000 
G0 X4.153 Y298.930 
(Begin step 66.) 
G0 X4.153 Y298.930 
(part 1) 
G1 X4.153 Y298.930 Z-1.000 F300.000 
G1 X328.419 Y298.930 Z-17.994 F300.000 
G1 X329.417 Y298.930 Z-18.000 F300.000 
G1 X404.247 Y298.930 Z-18.000 F300.000 
(End of step 66.) 
(End of layer 5) 
(Layer 6 begins) 
(Layer transition) 
G0 Z3.000 
G0 X4.153 Y7.870 
(Begin step 0.) 
G0 X4.153 Y7.870 
(part 1) 
G1 X4.153 Y7.870 Z-1.000 F300.000 
G1 X385.290 Y7.870 Z-20.975 F300.000 
G1 X386.288 Y7.870 Z-21.000 F300.000 
G1 X404.247 Y7.870 Z-21.000 F300.000 
(End of step 0.) 
G0 Z3.000 
G0 X4.153 Y12.280 
(Begin step 1.) 
G0 X4.153 Y12.280 
(part 1) 
G1 X4.153 Y12.280 Z-1.000 F300.000 
G1 X385.290 Y12.280 Z-20.975 F300.000 
G1 X386.288 Y12.280 Z-21.000 F300.000 
G1 X404.247 Y12.280 Z-21.000 F300.000 
(End of step 1.) 
G0 Z3.000 
G0 X4.153 Y16.690 
(Begin step 2.) 
G0 X4.153 Y16.690 
(part 1) 
G1 X4.153 Y16.690 Z-1.000 F300.000 
G1 X385.290 Y16.690 Z-20.975 F300.000 
G1 X386.288 Y16.690 Z-21.000 F300.000 
G1 X404.247 Y16.690 Z-21.000 F300.000 
(End of step 2.) 
G0 Z3.000 
G0 X4.153 Y21.100 
(Begin step 3.) 
G0 X4.153 Y21.100 
(part 1) 
G1 X4.153 Y21.100 Z-1.000 F300.000 
G1 X385.290 Y21.100 Z-20.975 F300.000 
G1 X386.288 Y21.100 Z-21.000 F300.000 
G1 X404.247 Y21.100 Z-21.000 F300.000 
(End of step 3.) 
G0 Z3.000 
G0 X4.153 Y25.510 
(Begin step 4.) 
G0 X4.153 Y25.510 
(part 1) 
G1 X4.153 Y25.510 Z-1.000 F300.000 
G1 X385.290 Y25.510 Z-20.975 F300.000 
G1 X386.288 Y25.510 Z-21.000 F300.000 
G1 X404.247 Y25.510 Z-21.000 F300.000 
(End of step 4.) 
G0 Z3.000 
G0 X4.153 Y29.920 
(Begin step 5.) 
G0 X4.153 Y29.920 
(part 1) 
G1 X4.153 Y29.920 Z-1.000 F300.000 
G1 X385.290 Y29.920 Z-20.975 F300.000 
G1 X386.288 Y29.920 Z-21.000 F300.000 
G1 X404.247 Y29.920 Z-21.000 F300.000 
(End of step 5.) 
G0 Z3.000 
G0 X4.153 Y34.330 
(Begin step 6.) 
G0 X4.153 Y34.330 
(part 1) 
G1 X4.153 Y34.330 Z-1.000 F300.000 
G1 X385.290 Y34.330 Z-20.975 F300.000 
G1 X386.288 Y34.330 Z-21.000 F300.000 
G1 X404.247 Y34.330 Z-21.000 F300.000 
(End of step 6.) 
G0 Z3.000 
G0 X4.153 Y38.740 
(Begin step 7.) 
G0 X4.153 Y38.740 
(part 1) 
G1 X4.153 Y38.740 Z-1.000 F300.000 
G1 X385.290 Y38.740 Z-20.975 F300.000 
G1 X386.288 Y38.740 Z-21.000 F300.000 
G1 X404.247 Y38.740 Z-21.000 F300.000 
(End of step 7.) 
G0 Z3.000 
G0 X4.153 Y43.150 
(Begin step 8.) 
G0 X4.153 Y43.150 
(part 1) 
G1 X4.153 Y43.150 Z-1.000 F300.000 
G1 X385.290 Y43.150 Z-20.975 F300.000 
G1 X386.288 Y43.150 Z-21.000 F300.000 
G1 X404.247 Y43.150 Z-21.000 F300.000 
(End of step 8.) 
G0 Z3.000 
G0 X4.153 Y47.560 
(Begin step 9.) 
G0 X4.153 Y47.560 
(part 1) 
G1 X4.153 Y47.560 Z-1.000 F300.000 
G1 X385.290 Y47.560 Z-20.975 F300.000 
G1 X386.288 Y47.560 Z-21.000 F300.000 
G1 X404.247 Y47.560 Z-21.000 F300.000 
(End of step 9.) 
G0 Z3.000 
G0 X4.153 Y51.970 
(Begin step 10.) 
G0 X4.153 Y51.970 
(part 1) 
G1 X4.153 Y51.970 Z-1.000 F300.000 
G1 X385.290 Y51.970 Z-20.975 F300.000 
G1 X386.288 Y51.970 Z-21.000 F300.000 
G1 X404.247 Y51.970 Z-21.000 F300.000 
(End of step 10.) 
G0 Z3.000 
G0 X4.153 Y56.380 
(Begin step 11.) 
G0 X4.153 Y56.380 
(part 1) 
G1 X4.153 Y56.380 Z-1.000 F300.000 
G1 X385.290 Y56.380 Z-20.975 F300.000 
G1 X386.288 Y56.380 Z-21.000 F300.000 
G1 X404.247 Y56.380 Z-21.000 F300.000 
(End of step 11.) 
G0 Z3.000 
G0 X4.153 Y60.790 
(Begin step 12.) 
G0 X4.153 Y60.790 
(part 1) 
G1 X4.153 Y60.790 Z-1.000 F300.000 
G1 X385.290 Y60.790 Z-20.975 F300.000 
G1 X386.288 Y60.790 Z-21.000 F300.000 
G1 X404.247 Y60.790 Z-21.000 F300.000 
(End of step 12.) 
G0 Z3.000 
G0 X4.153 Y65.200 
(Begin step 13.) 
G0 X4.153 Y65.200 
(part 1) 
G1 X4.153 Y65.200 Z-1.000 F300.000 
G1 X385.290 Y65.200 Z-20.975 F300.000 
G1 X386.288 Y65.200 Z-21.000 F300.000 
G1 X404.247 Y65.200 Z-21.000 F300.000 
(End of step 13.) 
G0 Z3.000 
G0 X4.153 Y69.610 
(Begin step 14.) 
G0 X4.153 Y69.610 
(part 1) 
G1 X4.153 Y69.610 Z-1.000 F300.000 
G1 X385.290 Y69.610 Z-20.975 F300.000 
G1 X386.288 Y69.610 Z-21.000 F300.000 
G1 X404.247 Y69.610 Z-21.000 F300.000 
(End of step 14.) 
G0 Z3.000 
G0 X4.153 Y74.020 
(Begin step 15.) 
G0 X4.153 Y74.020 
(part 1) 
G1 X4.153 Y74.020 Z-1.000 F300.000 
G1 X385.290 Y74.020 Z-20.975 F300.000 
G1 X386.288 Y74.020 Z-21.000 F300.000 
G1 X404.247 Y74.020 Z-21.000 F300.000 
(End of step 15.) 
G0 Z3.000 
G0 X4.153 Y78.430 
(Begin step 16.) 
G0 X4.153 Y78.430 
(part 1) 
G1 X4.153 Y78.430 Z-1.000 F300.000 
G1 X385.290 Y78.430 Z-20.975 F300.000 
G1 X386.288 Y78.430 Z-21.000 F300.000 
G1 X404.247 Y78.430 Z-21.000 F300.000 
(End of step 16.) 
G0 Z3.000 
G0 X4.153 Y82.840 
(Begin step 17.) 
G0 X4.153 Y82.840 
(part 1) 
G1 X4.153 Y82.840 Z-1.000 F300.000 
G1 X385.290 Y82.840 Z-20.975 F300.000 
G1 X386.288 Y82.840 Z-21.000 F300.000 
G1 X404.247 Y82.840 Z-21.000 F300.000 
(End of step 17.) 
G0 Z3.000 
G0 X4.153 Y87.250 
(Begin step 18.) 
G0 X4.153 Y87.250 
(part 1) 
G1 X4.153 Y87.250 Z-1.000 F300.000 
G1 X385.290 Y87.250 Z-20.975 F300.000 
G1 X386.288 Y87.250 Z-21.000 F300.000 
G1 X404.247 Y87.250 Z-21.000 F300.000 
(End of step 18.) 
G0 Z3.000 
G0 X4.153 Y91.660 
(Begin step 19.) 
G0 X4.153 Y91.660 
(part 1) 
G1 X4.153 Y91.660 Z-1.000 F300.000 
G1 X385.290 Y91.660 Z-20.975 F300.000 
G1 X386.288 Y91.660 Z-21.000 F300.000 
G1 X404.247 Y91.660 Z-21.000 F300.000 
(End of step 19.) 
G0 Z3.000 
G0 X4.153 Y96.070 
(Begin step 20.) 
G0 X4.153 Y96.070 
(part 1) 
G1 X4.153 Y96.070 Z-1.000 F300.000 
G1 X385.290 Y96.070 Z-20.975 F300.000 
G1 X386.288 Y96.070 Z-21.000 F300.000 
G1 X404.247 Y96.070 Z-21.000 F300.000 
(End of step 20.) 
G0 Z3.000 
G0 X4.153 Y100.480 
(Begin step 21.) 
G0 X4.153 Y100.480 
(part 1) 
G1 X4.153 Y100.480 Z-1.000 F300.000 
G1 X385.290 Y100.480 Z-20.975 F300.000 
G1 X386.288 Y100.480 Z-21.000 F300.000 
G1 X404.247 Y100.480 Z-21.000 F300.000 
(End of step 21.) 
G0 Z3.000 
G0 X4.153 Y104.890 
(Begin step 22.) 
G0 X4.153 Y104.890 
(part 1) 
G1 X4.153 Y104.890 Z-1.000 F300.000 
G1 X385.290 Y104.890 Z-20.975 F300.000 
G1 X386.288 Y104.890 Z-21.000 F300.000 
G1 X404.247 Y104.890 Z-21.000 F300.000 
(End of step 22.) 
G0 Z3.000 
G0 X4.153 Y109.300 
(Begin step 23.) 
G0 X4.153 Y109.300 
(part 1) 
G1 X4.153 Y109.300 Z-1.000 F300.000 
G1 X385.290 Y109.300 Z-20.975 F300.000 
G1 X386.288 Y109.300 Z-21.000 F300.000 
G1 X404.247 Y109.300 Z-21.000 F300.000 
(End of step 23.) 
G0 Z3.000 
G0 X4.153 Y113.710 
(Begin step 24.) 
G0 X4.153 Y113.710 
(part 1) 
G1 X4.153 Y113.710 Z-1.000 F300.000 
G1 X385.290 Y113.710 Z-20.975 F300.000 
G1 X386.288 Y113.710 Z-21.000 F300.000 
G1 X404.247 Y113.710 Z-21.000 F300.000 
(End of step 24.) 
G0 Z3.000 
G0 X4.153 Y118.120 
(Begin step 25.) 
G0 X4.153 Y118.120 
(part 1) 
G1 X4.153 Y118.120 Z-1.000 F300.000 
G1 X385.290 Y118.120 Z-20.975 F300.000 
G1 X386.288 Y118.120 Z-21.000 F300.000 
G1 X404.247 Y118.120 Z-21.000 F300.000 
(End of step 25.) 
G0 Z3.000 
G0 X4.153 Y122.530 
(Begin step 26.) 
G0 X4.153 Y122.530 
(part 1) 
G1 X4.153 Y122.530 Z-1.000 F300.000 
G1 X385.290 Y122.530 Z-20.975 F300.000 
G1 X386.288 Y122.530 Z-21.000 F300.000 
G1 X404.247 Y122.530 Z-21.000 F300.000 
(End of step 26.) 
G0 Z3.000 
G0 X4.153 Y126.940 
(Begin step 27.) 
G0 X4.153 Y126.940 
(part 1) 
G1 X4.153 Y126.940 Z-1.000 F300.000 
G1 X226.649 Y126.940 Z-12.661 F300.000 
G1 X227.647 Y126.940 Z-12.714 F300.000 
G1 X228.645 Y126.940 Z-12.796 F300.000 
G1 X229.642 Y126.940 Z-12.860 F300.000 
G1 X263.566 Y126.940 Z-14.638 F300.000 
G1 X329.417 Y126.940 Z-18.089 F300.000 
G1 X330.414 Y126.940 Z-18.138 F300.000 
G1 X333.408 Y126.940 Z-18.256 F300.000 
G1 X385.290 Y126.940 Z-20.975 F300.000 
G1 X386.288 Y126.940 Z-21.000 F300.000 
G1 X404.247 Y126.940 Z-21.000 F300.000 
(End of step 27.) 
G0 Z3.000 
G0 X4.153 Y131.350 
(Begin step 28.) 
G0 X4.153 Y131.350 
(part 1) 
G1 X4.153 Y131.350 Z-1.000 F300.000 
G1 X226.649 Y131.350 Z-12.661 F300.000 
G1 X227.647 Y131.350 Z-21.000 F300.000 
G1 X326.423 Y131.350 Z-21.000 F300.000 
G1 X327.421 Y131.350 Z-18.271 F300.000 
G1 X333.408 Y131.350 Z-18.271 F300.000 
G1 X334.405 Y131.350 Z-18.308 F300.000 
G1 X385.290 Y131.350 Z-20.975 F300.000 
G1 X386.288 Y131.350 Z-21.000 F300.000 
G1 X404.247 Y131.350 Z-21.000 F300.000 
(End of step 28.) 
G0 Z3.000 
G0 X4.153 Y135.760 
(Begin step 29.) 
G0 X4.153 Y135.760 
(part 1) 
G1 X4.153 Y135.760 Z-1.000 F300.000 
G1 X226.649 Y135.760 Z-12.661 F300.000 
G1 X227.647 Y135.760 Z-21.000 F300.000 
G1 X326.423 Y135.760 Z-21.000 F300.000 
G1 X327.421 Y135.760 Z-18.271 F300.000 
G1 X333.408 Y135.760 Z-18.271 F300.000 
G1 X334.405 Y135.760 Z-18.308 F300.000 
G1 X385.290 Y135.760 Z-20.975 F300.000 
G1 X386.288 Y135.760 Z-21.000 F300.000 
G1 X404.247 Y135.760 Z-21.000 F300.000 
(End of step 29.) 
G0 Z3.000 
G0 X4.153 Y140.170 
(Begin step 30.) 
G0 X4.153 Y140.170 
(part 1) 
G1 X4.153 Y140.170 Z-1.000 F300.000 
G1 X226.649 Y140.170 Z-12.661 F300.000 
G1 X227.647 Y140.170 Z-21.000 F300.000 
G1 X326.423 Y140.170 Z-21.000 F300.000 
G1 X327.421 Y140.170 Z-18.271 F300.000 
G1 X328.419 Y140.170 Z-18.271 F300.000 
G1 X333.408 Y140.170 Z-18.271 F300.000 
G1 X334.405 Y140.170 Z-18.308 F300.000 
G1 X385.290 Y140.170 Z-20.975 F300.000 
G1 X386.288 Y140.170 Z-21.000 F300.000 
G1 X404.247 Y140.170 Z-21.000 F300.000 
(End of step 30.) 
G0 Z3.000 
G0 X4.153 Y144.580 
(Begin step 31.) 
G0 X4.153 Y144.580 
(part 1) 
G1 X4.153 Y144.580 Z-1.000 F300.000 
G1 X226.649 Y144.580 Z-12.661 F300.000 
G1 X227.647 Y144.580 Z-21.000 F300.000 
G1 X326.423 Y144.580 Z-21.000 F300.000 
G1 X327.421 Y144.580 Z-18.271 F300.000 
G1 X333.408 Y144.580 Z-18.271 F300.000 
G1 X334.405 Y144.580 Z-18.308 F300.000 
G1 X385.290 Y144.580 Z-20.975 F300.000 
G1 X386.288 Y144.580 Z-21.000 F300.000 
G1 X404.247 Y144.580 Z-21.000 F300.000 
(End of step 31.) 
G0 Z3.000 
G0 X4.153 Y148.990 
(Begin step 32.) 
G0 X4.153 Y148.990 
(part 1) 
G1 X4.153 Y148.990 Z-1.000 F300.000 
G1 X226.649 Y148.990 Z-12.661 F300.000 
G1 X227.647 Y148.990 Z-21.000 F300.000 
G1 X326.423 Y148.990 Z-21.000 F300.000 
G1 X327.421 Y148.990 Z-18.271 F300.000 
G1 X333.408 Y148.990 Z-18.271 F300.000 
G1 X334.405 Y148.990 Z-18.308 F300.000 
G1 X385.290 Y148.990 Z-20.975 F300.000 
G1 X386.288 Y148.990 Z-21.000 F300.000 
G1 X404.247 Y148.990 Z-21.000 F300.000 
(End of step 32.) 
G0 Z3.000 
G0 X4.153 Y153.400 
(Begin step 33.) 
G0 X4.153 Y153.400 
(part 1) 
G1 X4.153 Y153.400 Z-1.000 F300.000 
G1 X226.649 Y153.400 Z-12.661 F300.000 
G1 X227.647 Y153.400 Z-21.000 F300.000 
G1 X326.423 Y153.400 Z-21.000 F300.000 
G1 X327.421 Y153.400 Z-18.271 F300.000 
G1 X333.408 Y153.400 Z-18.271 F300.000 
G1 X334.405 Y153.400 Z-18.308 F300.000 
G1 X385.290 Y153.400 Z-20.975 F300.000 
G1 X386.288 Y153.400 Z-21.000 F300.000 
G1 X404.247 Y153.400 Z-21.000 F300.000 
(End of step 33.) 
G0 Z3.000 
G0 X4.153 Y157.810 
(Begin step 34.) 
G0 X4.153 Y157.810 
(part 1) 
G1 X4.153 Y157.810 Z-1.000 F300.000 
G1 X226.649 Y157.810 Z-12.661 F300.000 
G1 X227.647 Y157.810 Z-21.000 F300.000 
G1 X326.423 Y157.810 Z-21.000 F300.000 
G1 X327.421 Y157.810 Z-18.271 F300.000 
G1 X333.408 Y157.810 Z-18.271 F300.000 
G1 X334.405 Y157.810 Z-18.308 F300.000 
G1 X385.290 Y157.810 Z-20.975 F300.000 
G1 X386.288 Y157.810 Z-21.000 F300.000 
G1 X404.247 Y157.810 Z-21.000 F300.000 
(End of step 34.) 
G0 Z3.000 
G0 X4.153 Y162.220 
(Begin step 35.) 
G0 X4.153 Y162.220 
(part 1) 
G1 X4.153 Y162.220 Z-1.000 F300.000 
G1 X226.649 Y162.220 Z-12.661 F300.000 
G1 X227.647 Y162.220 Z-21.000 F300.000 
G1 X326.423 Y162.220 Z-21.000 F300.000 
G1 X327.421 Y162.220 Z-18.271 F300.000 
G1 X333.408 Y162.220 Z-18.271 F300.000 
G1 X334.405 Y162.220 Z-18.308 F300.000 
G1 X385.290 Y162.220 Z-20.975 F300.000 
G1 X386.288 Y162.220 Z-21.000 F300.000 
G1 X404.247 Y162.220 Z-21.000 F300.000 
(End of step 35.) 
G0 Z3.000 
G0 X4.153 Y166.630 
(Begin step 36.) 
G0 X4.153 Y166.630 
(part 1) 
G1 X4.153 Y166.630 Z-1.000 F300.000 
G1 X226.649 Y166.630 Z-12.661 F300.000 
G1 X227.647 Y166.630 Z-21.000 F300.000 
G1 X326.423 Y166.630 Z-21.000 F300.000 
G1 X327.421 Y166.630 Z-18.271 F300.000 
G1 X333.408 Y166.630 Z-18.271 F300.000 
G1 X334.405 Y166.630 Z-18.308 F300.000 
G1 X385.290 Y166.630 Z-20.975 F300.000 
G1 X386.288 Y166.630 Z-21.000 F300.000 
G1 X404.247 Y166.630 Z-21.000 F300.000 
(End of step 36.) 
G0 Z3.000 
G0 X4.153 Y171.040 
(Begin step 37.) 
G0 X4.153 Y171.040 
(part 1) 
G1 X4.153 Y171.040 Z-1.000 F300.000 
G1 X226.649 Y171.040 Z-12.661 F300.000 
G1 X227.647 Y171.040 Z-21.000 F300.000 
G1 X326.423 Y171.040 Z-21.000 F300.000 
G1 X327.421 Y171.040 Z-18.271 F300.000 
G1 X333.408 Y171.040 Z-18.271 F300.000 
G1 X334.405 Y171.040 Z-18.308 F300.000 
G1 X385.290 Y171.040 Z-20.975 F300.000 
G1 X386.288 Y171.040 Z-21.000 F300.000 
G1 X404.247 Y171.040 Z-21.000 F300.000 
(End of step 37.) 
G0 Z3.000 
G0 X4.153 Y175.450 
(Begin step 38.) 
G0 X4.153 Y175.450 
(part 1) 
G1 X4.153 Y175.450 Z-1.000 F300.000 
G1 X226.649 Y175.450 Z-12.661 F300.000 
G1 X227.647 Y175.450 Z-21.000 F300.000 
G1 X326.423 Y175.450 Z-21.000 F300.000 
G1 X327.421 Y175.450 Z-18.271 F300.000 
G1 X333.408 Y175.450 Z-18.271 F300.000 
G1 X334.405 Y175.450 Z-18.308 F300.000 
G1 X385.290 Y175.450 Z-20.975 F300.000 
G1 X386.288 Y175.450 Z-21.000 F300.000 
G1 X404.247 Y175.450 Z-21.000 F300.000 
(End of step 38.) 
G0 Z3.000 
G0 X4.153 Y179.860 
(Begin step 39.) 
G0 X4.153 Y179.860 
(part 1) 
G1 X4.153 Y179.860 Z-1.000 F300.000 
G1 X226.649 Y179.860 Z-12.661 F300.000 
G1 X227.647 Y179.860 Z-12.714 F300.000 
G1 X228.645 Y179.860 Z-12.796 F300.000 
G1 X229.642 Y179.860 Z-12.860 F300.000 
G1 X260.572 Y179.860 Z-14.481 F300.000 
G1 X329.417 Y179.860 Z-18.089 F300.000 
G1 X330.414 Y179.860 Z-18.138 F300.000 
G1 X333.408 Y179.860 Z-18.256 F300.000 
G1 X385.290 Y179.860 Z-20.975 F300.000 
G1 X386.288 Y179.860 Z-21.000 F300.000 
G1 X404.247 Y179.860 Z-21.000 F300.000 
(End of step 39.) 
G0 Z3.000 
G0 X4.153 Y184.270 
(Begin step 40.) 
G0 X4.153 Y184.270 
(part 1) 
G1 X4.153 Y184.270 Z-1.000 F300.000 
G1 X385.290 Y184.270 Z-20.975 F300.000 
G1 X386.288 Y184.270 Z-21.000 F300.000 
G1 X404.247 Y184.270 Z-21.000 F300.000 
(End of step 40.) 
G0 Z3.000 
G0 X4.153 Y188.680 
(Begin step 41.) 
G0 X4.153 Y188.680 
(part 1) 
G1 X4.153 Y188.680 Z-1.000 F300.000 
G1 X385.290 Y188.680 Z-20.975 F300.000 
G1 X386.288 Y188.680 Z-21.000 F300.000 
G1 X404.247 Y188.680 Z-21.000 F300.000 
(End of step 41.) 
G0 Z3.000 
G0 X4.153 Y193.090 
(Begin step 42.) 
G0 X4.153 Y193.090 
(part 1) 
G1 X4.153 Y193.090 Z-1.000 F300.000 
G1 X385.290 Y193.090 Z-20.975 F300.000 
G1 X386.288 Y193.090 Z-21.000 F300.000 
G1 X404.247 Y193.090 Z-21.000 F300.000 
(End of step 42.) 
G0 Z3.000 
G0 X4.153 Y197.500 
(Begin step 43.) 
G0 X4.153 Y197.500 
(part 1) 
G1 X4.153 Y197.500 Z-1.000 F300.000 
G1 X385.290 Y197.500 Z-20.975 F300.000 
G1 X386.288 Y197.500 Z-21.000 F300.000 
G1 X404.247 Y197.500 Z-21.000 F300.000 
(End of step 43.) 
G0 Z3.000 
G0 X4.153 Y201.910 
(Begin step 44.) 
G0 X4.153 Y201.910 
(part 1) 
G1 X4.153 Y201.910 Z-1.000 F300.000 
G1 X385.290 Y201.910 Z-20.975 F300.000 
G1 X386.288 Y201.910 Z-21.000 F300.000 
G1 X404.247 Y201.910 Z-21.000 F300.000 
(End of step 44.) 
G0 Z3.000 
G0 X4.153 Y206.320 
(Begin step 45.) 
G0 X4.153 Y206.320 
(part 1) 
G1 X4.153 Y206.320 Z-1.000 F300.000 
G1 X385.290 Y206.320 Z-20.975 F300.000 
G1 X386.288 Y206.320 Z-21.000 F300.000 
G1 X404.247 Y206.320 Z-21.000 F300.000 
(End of step 45.) 
G0 Z3.000 
G0 X4.153 Y210.730 
(Begin step 46.) 
G0 X4.153 Y210.730 
(part 1) 
G1 X4.153 Y210.730 Z-1.000 F300.000 
G1 X385.290 Y210.730 Z-20.975 F300.000 
G1 X386.288 Y210.730 Z-21.000 F300.000 
G1 X404.247 Y210.730 Z-21.000 F300.000 
(End of step 46.) 
G0 Z3.000 
G0 X4.153 Y215.140 
(Begin step 47.) 
G0 X4.153 Y215.140 
(part 1) 
G1 X4.153 Y215.140 Z-1.000 F300.000 
G1 X385.290 Y215.140 Z-20.975 F300.000 
G1 X386.288 Y215.140 Z-21.000 F300.000 
G1 X404.247 Y215.140 Z-21.000 F300.000 
(End of step 47.) 
G0 Z3.000 
G0 X4.153 Y219.550 
(Begin step 48.) 
G0 X4.153 Y219.550 
(part 1) 
G1 X4.153 Y219.550 Z-1.000 F300.000 
G1 X385.290 Y219.550 Z-20.975 F300.000 
G1 X386.288 Y219.550 Z-21.000 F300.000 
G1 X404.247 Y219.550 Z-21.000 F300.000 
(End of step 48.) 
G0 Z3.000 
G0 X4.153 Y223.960 
(Begin step 49.) 
G0 X4.153 Y223.960 
(part 1) 
G1 X4.153 Y223.960 Z-1.000 F300.000 
G1 X385.290 Y223.960 Z-20.975 F300.000 
G1 X386.288 Y223.960 Z-21.000 F300.000 
G1 X404.247 Y223.960 Z-21.000 F300.000 
(End of step 49.) 
G0 Z3.000 
G0 X4.153 Y228.370 
(Begin step 50.) 
G0 X4.153 Y228.370 
(part 1) 
G1 X4.153 Y228.370 Z-1.000 F300.000 
G1 X385.290 Y228.370 Z-20.975 F300.000 
G1 X386.288 Y228.370 Z-21.000 F300.000 
G1 X404.247 Y228.370 Z-21.000 F300.000 
(End of step 50.) 
G0 Z3.000 
G0 X4.153 Y232.780 
(Begin step 51.) 
G0 X4.153 Y232.780 
(part 1) 
G1 X4.153 Y232.780 Z-1.000 F300.000 
G1 X385.290 Y232.780 Z-20.975 F300.000 
G1 X386.288 Y232.780 Z-21.000 F300.000 
G1 X404.247 Y232.780 Z-21.000 F300.000 
(End of step 51.) 
G0 Z3.000 
G0 X4.153 Y237.190 
(Begin step 52.) 
G0 X4.153 Y237.190 
(part 1) 
G1 X4.153 Y237.190 Z-1.000 F300.000 
G1 X385.290 Y237.190 Z-20.975 F300.000 
G1 X386.288 Y237.190 Z-21.000 F300.000 
G1 X404.247 Y237.190 Z-21.000 F300.000 
(End of step 52.) 
G0 Z3.000 
G0 X4.153 Y241.600 
(Begin step 53.) 
G0 X4.153 Y241.600 
(part 1) 
G1 X4.153 Y241.600 Z-1.000 F300.000 
G1 X385.290 Y241.600 Z-20.975 F300.000 
G1 X386.288 Y241.600 Z-21.000 F300.000 
G1 X404.247 Y241.600 Z-21.000 F300.000 
(End of step 53.) 
G0 Z3.000 
G0 X4.153 Y246.010 
(Begin step 54.) 
G0 X4.153 Y246.010 
(part 1) 
G1 X4.153 Y246.010 Z-1.000 F300.000 
G1 X385.290 Y246.010 Z-20.975 F300.000 
G1 X386.288 Y246.010 Z-21.000 F300.000 
G1 X404.247 Y246.010 Z-21.000 F300.000 
(End of step 54.) 
G0 Z3.000 
G0 X4.153 Y250.420 
(Begin step 55.) 
G0 X4.153 Y250.420 
(part 1) 
G1 X4.153 Y250.420 Z-1.000 F300.000 
G1 X385.290 Y250.420 Z-20.975 F300.000 
G1 X386.288 Y250.420 Z-21.000 F300.000 
G1 X404.247 Y250.420 Z-21.000 F300.000 
(End of step 55.) 
G0 Z3.000 
G0 X4.153 Y254.830 
(Begin step 56.) 
G0 X4.153 Y254.830 
(part 1) 
G1 X4.153 Y254.830 Z-1.000 F300.000 
G1 X385.290 Y254.830 Z-20.975 F300.000 
G1 X386.288 Y254.830 Z-21.000 F300.000 
G1 X404.247 Y254.830 Z-21.000 F300.000 
(End of step 56.) 
G0 Z3.000 
G0 X4.153 Y259.240 
(Begin step 57.) 
G0 X4.153 Y259.240 
(part 1) 
G1 X4.153 Y259.240 Z-1.000 F300.000 
G1 X385.290 Y259.240 Z-20.975 F300.000 
G1 X386.288 Y259.240 Z-21.000 F300.000 
G1 X404.247 Y259.240 Z-21.000 F300.000 
(End of step 57.) 
G0 Z3.000 
G0 X4.153 Y263.650 
(Begin step 58.) 
G0 X4.153 Y263.650 
(part 1) 
G1 X4.153 Y263.650 Z-1.000 F300.000 
G1 X385.290 Y263.650 Z-20.975 F300.000 
G1 X386.288 Y263.650 Z-21.000 F300.000 
G1 X404.247 Y263.650 Z-21.000 F300.000 
(End of step 58.) 
G0 Z3.000 
G0 X4.153 Y268.060 
(Begin step 59.) 
G0 X4.153 Y268.060 
(part 1) 
G1 X4.153 Y268.060 Z-1.000 F300.000 
G1 X385.290 Y268.060 Z-20.975 F300.000 
G1 X386.288 Y268.060 Z-21.000 F300.000 
G1 X404.247 Y268.060 Z-21.000 F300.000 
(End of step 59.) 
G0 Z3.000 
G0 X4.153 Y272.470 
(Begin step 60.) 
G0 X4.153 Y272.470 
(part 1) 
G1 X4.153 Y272.470 Z-1.000 F300.000 
G1 X385.290 Y272.470 Z-20.975 F300.000 
G1 X386.288 Y272.470 Z-21.000 F300.000 
G1 X404.247 Y272.470 Z-21.000 F300.000 
(End of step 60.) 
G0 Z3.000 
G0 X4.153 Y276.880 
(Begin step 61.) 
G0 X4.153 Y276.880 
(part 1) 
G1 X4.153 Y276.880 Z-1.000 F300.000 
G1 X385.290 Y276.880 Z-20.975 F300.000 
G1 X386.288 Y276.880 Z-21.000 F300.000 
G1 X404.247 Y276.880 Z-21.000 F300.000 
(End of step 61.) 
G0 Z3.000 
G0 X4.153 Y281.290 
(Begin step 62.) 
G0 X4.153 Y281.290 
(part 1) 
G1 X4.153 Y281.290 Z-1.000 F300.000 
G1 X385.290 Y281.290 Z-20.975 F300.000 
G1 X386.288 Y281.290 Z-21.000 F300.000 
G1 X404.247 Y281.290 Z-21.000 F300.000 
(End of step 62.) 
G0 Z3.000 
G0 X4.153 Y285.700 
(Begin step 63.) 
G0 X4.153 Y285.700 
(part 1) 
G1 X4.153 Y285.700 Z-1.000 F300.000 
G1 X385.290 Y285.700 Z-20.975 F300.000 
G1 X386.288 Y285.700 Z-21.000 F300.000 
G1 X404.247 Y285.700 Z-21.000 F300.000 
(End of step 63.) 
G0 Z3.000 
G0 X4.153 Y290.110 
(Begin step 64.) 
G0 X4.153 Y290.110 
(part 1) 
G1 X4.153 Y290.110 Z-1.000 F300.000 
G1 X385.290 Y290.110 Z-20.975 F300.000 
G1 X386.288 Y290.110 Z-21.000 F300.000 
G1 X404.247 Y290.110 Z-21.000 F300.000 
(End of step 64.) 
G0 Z3.000 
G0 X4.153 Y294.520 
(Begin step 65.) 
G0 X4.153 Y294.520 
(part 1) 
G1 X4.153 Y294.520 Z-1.000 F300.000 
G1 X385.290 Y294.520 Z-20.975 F300.000 
G1 X386.288 Y294.520 Z-21.000 F300.000 
G1 X404.247 Y294.520 Z-21.000 F300.000 
(End of step 65.) 
G0 Z3.000 
G0 X4.153 Y298.930 
(Begin step 66.) 
G0 X4.153 Y298.930 
(part 1) 
G1 X4.153 Y298.930 Z-1.000 F300.000 
G1 X385.290 Y298.930 Z-20.975 F300.000 
G1 X386.288 Y298.930 Z-21.000 F300.000 
G1 X404.247 Y298.930 Z-21.000 F300.000 
(End of step 66.) 
(End of layer 6) 
(Layer 7 begins) 
(Layer transition) 
G0 Z3.000 
G0 X4.153 Y7.870 
(Begin step 0.) 
G0 X4.153 Y7.870 
(part 1) 
G1 X4.153 Y7.870 Z-1.000 F300.000 
G1 X404.247 Y7.870 Z-21.968 F300.000 
(End of step 0.) 
G0 Z3.000 
G0 X4.153 Y12.280 
(Begin step 1.) 
G0 X4.153 Y12.280 
(part 1) 
G1 X4.153 Y12.280 Z-1.000 F300.000 
G1 X404.247 Y12.280 Z-21.968 F300.000 
(End of step 1.) 
G0 Z3.000 
G0 X4.153 Y16.690 
(Begin step 2.) 
G0 X4.153 Y16.690 
(part 1) 
G1 X4.153 Y16.690 Z-1.000 F300.000 
G1 X404.247 Y16.690 Z-21.968 F300.000 
(End of step 2.) 
G0 Z3.000 
G0 X4.153 Y21.100 
(Begin step 3.) 
G0 X4.153 Y21.100 
(part 1) 
G1 X4.153 Y21.100 Z-1.000 F300.000 
G1 X404.247 Y21.100 Z-21.968 F300.000 
(End of step 3.) 
G0 Z3.000 
G0 X4.153 Y25.510 
(Begin step 4.) 
G0 X4.153 Y25.510 
(part 1) 
G1 X4.153 Y25.510 Z-1.000 F300.000 
G1 X404.247 Y25.510 Z-21.968 F300.000 
(End of step 4.) 
G0 Z3.000 
G0 X4.153 Y29.920 
(Begin step 5.) 
G0 X4.153 Y29.920 
(part 1) 
G1 X4.153 Y29.920 Z-1.000 F300.000 
G1 X404.247 Y29.920 Z-21.968 F300.000 
(End of step 5.) 
G0 Z3.000 
G0 X4.153 Y34.330 
(Begin step 6.) 
G0 X4.153 Y34.330 
(part 1) 
G1 X4.153 Y34.330 Z-1.000 F300.000 
G1 X404.247 Y34.330 Z-21.968 F300.000 
(End of step 6.) 
G0 Z3.000 
G0 X4.153 Y38.740 
(Begin step 7.) 
G0 X4.153 Y38.740 
(part 1) 
G1 X4.153 Y38.740 Z-1.000 F300.000 
G1 X404.247 Y38.740 Z-21.968 F300.000 
(End of step 7.) 
G0 Z3.000 
G0 X4.153 Y43.150 
(Begin step 8.) 
G0 X4.153 Y43.150 
(part 1) 
G1 X4.153 Y43.150 Z-1.000 F300.000 
G1 X404.247 Y43.150 Z-21.968 F300.000 
(End of step 8.) 
G0 Z3.000 
G0 X4.153 Y47.560 
(Begin step 9.) 
G0 X4.153 Y47.560 
(part 1) 
G1 X4.153 Y47.560 Z-1.000 F300.000 
G1 X404.247 Y47.560 Z-21.968 F300.000 
(End of step 9.) 
G0 Z3.000 
G0 X4.153 Y51.970 
(Begin step 10.) 
G0 X4.153 Y51.970 
(part 1) 
G1 X4.153 Y51.970 Z-1.000 F300.000 
G1 X404.247 Y51.970 Z-21.968 F300.000 
(End of step 10.) 
G0 Z3.000 
G0 X4.153 Y56.380 
(Begin step 11.) 
G0 X4.153 Y56.380 
(part 1) 
G1 X4.153 Y56.380 Z-1.000 F300.000 
G1 X404.247 Y56.380 Z-21.968 F300.000 
(End of step 11.) 
G0 Z3.000 
G0 X4.153 Y60.790 
(Begin step 12.) 
G0 X4.153 Y60.790 
(part 1) 
G1 X4.153 Y60.790 Z-1.000 F300.000 
G1 X404.247 Y60.790 Z-21.968 F300.000 
(End of step 12.) 
G0 Z3.000 
G0 X4.153 Y65.200 
(Begin step 13.) 
G0 X4.153 Y65.200 
(part 1) 
G1 X4.153 Y65.200 Z-1.000 F300.000 
G1 X404.247 Y65.200 Z-21.968 F300.000 
(End of step 13.) 
G0 Z3.000 
G0 X4.153 Y69.610 
(Begin step 14.) 
G0 X4.153 Y69.610 
(part 1) 
G1 X4.153 Y69.610 Z-1.000 F300.000 
G1 X404.247 Y69.610 Z-21.968 F300.000 
(End of step 14.) 
G0 Z3.000 
G0 X4.153 Y74.020 
(Begin step 15.) 
G0 X4.153 Y74.020 
(part 1) 
G1 X4.153 Y74.020 Z-1.000 F300.000 
G1 X404.247 Y74.020 Z-21.968 F300.000 
(End of step 15.) 
G0 Z3.000 
G0 X4.153 Y78.430 
(Begin step 16.) 
G0 X4.153 Y78.430 
(part 1) 
G1 X4.153 Y78.430 Z-1.000 F300.000 
G1 X404.247 Y78.430 Z-21.968 F300.000 
(End of step 16.) 
G0 Z3.000 
G0 X4.153 Y82.840 
(Begin step 17.) 
G0 X4.153 Y82.840 
(part 1) 
G1 X4.153 Y82.840 Z-1.000 F300.000 
G1 X404.247 Y82.840 Z-21.968 F300.000 
(End of step 17.) 
G0 Z3.000 
G0 X4.153 Y87.250 
(Begin step 18.) 
G0 X4.153 Y87.250 
(part 1) 
G1 X4.153 Y87.250 Z-1.000 F300.000 
G1 X404.247 Y87.250 Z-21.968 F300.000 
(End of step 18.) 
G0 Z3.000 
G0 X4.153 Y91.660 
(Begin step 19.) 
G0 X4.153 Y91.660 
(part 1) 
G1 X4.153 Y91.660 Z-1.000 F300.000 
G1 X404.247 Y91.660 Z-21.968 F300.000 
(End of step 19.) 
G0 Z3.000 
G0 X4.153 Y96.070 
(Begin step 20.) 
G0 X4.153 Y96.070 
(part 1) 
G1 X4.153 Y96.070 Z-1.000 F300.000 
G1 X404.247 Y96.070 Z-21.968 F300.000 
(End of step 20.) 
G0 Z3.000 
G0 X4.153 Y100.480 
(Begin step 21.) 
G0 X4.153 Y100.480 
(part 1) 
G1 X4.153 Y100.480 Z-1.000 F300.000 
G1 X404.247 Y100.480 Z-21.968 F300.000 
(End of step 21.) 
G0 Z3.000 
G0 X4.153 Y104.890 
(Begin step 22.) 
G0 X4.153 Y104.890 
(part 1) 
G1 X4.153 Y104.890 Z-1.000 F300.000 
G1 X404.247 Y104.890 Z-21.968 F300.000 
(End of step 22.) 
G0 Z3.000 
G0 X4.153 Y109.300 
(Begin step 23.) 
G0 X4.153 Y109.300 
(part 1) 
G1 X4.153 Y109.300 Z-1.000 F300.000 
G1 X404.247 Y109.300 Z-21.968 F300.000 
(End of step 23.) 
G0 Z3.000 
G0 X4.153 Y113.710 
(Begin step 24.) 
G0 X4.153 Y113.710 
(part 1) 
G1 X4.153 Y113.710 Z-1.000 F300.000 
G1 X404.247 Y113.710 Z-21.968 F300.000 
(End of step 24.) 
G0 Z3.000 
G0 X4.153 Y118.120 
(Begin step 25.) 
G0 X4.153 Y118.120 
(part 1) 
G1 X4.153 Y118.120 Z-1.000 F300.000 
G1 X404.247 Y118.120 Z-21.968 F300.000 
(End of step 25.) 
G0 Z3.000 
G0 X4.153 Y122.530 
(Begin step 26.) 
G0 X4.153 Y122.530 
(part 1) 
G1 X4.153 Y122.530 Z-1.000 F300.000 
G1 X404.247 Y122.530 Z-21.968 F300.000 
(End of step 26.) 
G0 Z3.000 
G0 X4.153 Y126.940 
(Begin step 27.) 
G0 X4.153 Y126.940 
(part 1) 
G1 X4.153 Y126.940 Z-1.000 F300.000 
G1 X226.649 Y126.940 Z-12.661 F300.000 
G1 X227.647 Y126.940 Z-12.714 F300.000 
G1 X228.645 Y126.940 Z-12.796 F300.000 
G1 X229.642 Y126.940 Z-12.860 F300.000 
G1 X266.559 Y126.940 Z-14.795 F300.000 
G1 X329.417 Y126.940 Z-18.089 F300.000 
G1 X330.414 Y126.940 Z-18.138 F300.000 
G1 X333.408 Y126.940 Z-18.256 F300.000 
G1 X334.405 Y126.940 Z-18.308 F300.000 
G1 X404.247 Y126.940 Z-21.968 F300.000 
(End of step 27.) 
G0 Z3.000 
G0 X4.153 Y131.350 
(Begin step 28.) 
G0 X4.153 Y131.350 
(part 1) 
G1 X4.153 Y131.350 Z-1.000 F300.000 
G1 X226.649 Y131.350 Z-12.661 F300.000 
G1 X227.647 Y131.350 Z-22.299 F300.000 
G1 X326.423 Y131.350 Z-22.299 F300.000 
G1 X327.421 Y131.350 Z-18.271 F300.000 
G1 X333.408 Y131.350 Z-18.271 F300.000 
G1 X334.405 Y131.350 Z-18.308 F300.000 
G1 X404.247 Y131.350 Z-21.968 F300.000 
(End of step 28.) 
G0 Z3.000 
G0 X4.153 Y135.760 
(Begin step 29.) 
G0 X4.153 Y135.760 
(part 1) 
G1 X4.153 Y135.760 Z-1.000 F300.000 
G1 X226.649 Y135.760 Z-12.661 F300.000 
G1 X227.647 Y135.760 Z-22.299 F300.000 
G1 X326.423 Y135.760 Z-22.299 F300.000 
G1 X327.421 Y135.760 Z-18.271 F300.000 
G1 X333.408 Y135.760 Z-18.271 F300.000 
G1 X334.405 Y135.760 Z-18.308 F300.000 
G1 X404.247 Y135.760 Z-21.968 F300.000 
(End of step 29.) 
G0 Z3.000 
G0 X4.153 Y140.170 
(Begin step 30.) 
G0 X4.153 Y140.170 
(part 1) 
G1 X4.153 Y140.170 Z-1.000 F300.000 
G1 X226.649 Y140.170 Z-12.661 F300.000 
G1 X227.647 Y140.170 Z-22.299 F300.000 
G1 X326.423 Y140.170 Z-22.299 F300.000 
G1 X327.421 Y140.170 Z-18.271 F300.000 
G1 X333.408 Y140.170 Z-18.271 F300.000 
G1 X334.405 Y140.170 Z-18.308 F300.000 
G1 X404.247 Y140.170 Z-21.968 F300.000 
(End of step 30.) 
G0 Z3.000 
G0 X4.153 Y144.580 
(Begin step 31.) 
G0 X4.153 Y144.580 
(part 1) 
G1 X4.153 Y144.580 Z-1.000 F300.000 
G1 X226.649 Y144.580 Z-12.661 F300.000 
G1 X227.647 Y144.580 Z-22.299 F300.000 
G1 X326.423 Y144.580 Z-22.299 F300.000 
G1 X327.421 Y144.580 Z-18.271 F300.000 
G1 X333.408 Y144.580 Z-18.271 F300.000 
G1 X334.405 Y144.580 Z-18.308 F300.000 
G1 X404.247 Y144.580 Z-21.968 F300.000 
(End of step 31.) 
G0 Z3.000 
G0 X4.153 Y148.990 
(Begin step 32.) 
G0 X4.153 Y148.990 
(part 1) 
G1 X4.153 Y148.990 Z-1.000 F300.000 
G1 X226.649 Y148.990 Z-12.661 F300.000 
G1 X227.647 Y148.990 Z-22.299 F300.000 
G1 X326.423 Y148.990 Z-22.299 F300.000 
G1 X327.421 Y148.990 Z-18.271 F300.000 
G1 X333.408 Y148.990 Z-18.271 F300.000 
G1 X334.405 Y148.990 Z-18.308 F300.000 
G1 X404.247 Y148.990 Z-21.968 F300.000 
(End of step 32.) 
G0 Z3.000 
G0 X4.153 Y153.400 
(Begin step 33.) 
G0 X4.153 Y153.400 
(part 1) 
G1 X4.153 Y153.400 Z-1.000 F300.000 
G1 X226.649 Y153.400 Z-12.661 F300.000 
G1 X227.647 Y153.400 Z-22.299 F300.000 
G1 X326.423 Y153.400 Z-22.299 F300.000 
G1 X327.421 Y153.400 Z-18.271 F300.000 
G1 X333.408 Y153.400 Z-18.271 F300.000 
G1 X334.405 Y153.400 Z-18.308 F300.000 
G1 X404.247 Y153.400 Z-21.968 F300.000 
(End of step 33.) 
G0 Z3.000 
G0 X4.153 Y157.810 
(Begin step 34.) 
G0 X4.153 Y157.810 
(part 1) 
G1 X4.153 Y157.810 Z-1.000 F300.000 
G1 X226.649 Y157.810 Z-12.661 F300.000 
G1 X227.647 Y157.810 Z-22.299 F300.000 
G1 X326.423 Y157.810 Z-22.299 F300.000 
G1 X327.421 Y157.810 Z-18.271 F300.000 
G1 X333.408 Y157.810 Z-18.271 F300.000 
G1 X334.405 Y157.810 Z-18.308 F300.000 
G1 X404.247 Y157.810 Z-21.968 F300.000 
(End of step 34.) 
G0 Z3.000 
G0 X4.153 Y162.220 
(Begin step 35.) 
G0 X4.153 Y162.220 
(part 1) 
G1 X4.153 Y162.220 Z-1.000 F300.000 
G1 X226.649 Y162.220 Z-12.661 F300.000 
G1 X227.647 Y162.220 Z-22.299 F300.000 
G1 X326.423 Y162.220 Z-22.299 F300.000 
G1 X327.421 Y162.220 Z-18.271 F300.000 
G1 X333.408 Y162.220 Z-18.271 F300.000 
G1 X334.405 Y162.220 Z-18.308 F300.000 
G1 X404.247 Y162.220 Z-21.968 F300.000 
(End of step 35.) 
G0 Z3.000 
G0 X4.153 Y166.630 
(Begin step 36.) 
G0 X4.153 Y166.630 
(part 1) 
G1 X4.153 Y166.630 Z-1.000 F300.000 
G1 X226.649 Y166.630 Z-12.661 F300.000 
G1 X227.647 Y166.630 Z-22.299 F300.000 
G1 X326.423 Y166.630 Z-22.299 F300.000 
G1 X327.421 Y166.630 Z-18.271 F300.000 
G1 X333.408 Y166.630 Z-18.271 F300.000 
G1 X334.405 Y166.630 Z-18.308 F300.000 
G1 X404.247 Y166.630 Z-21.968 F300.000 
(End of step 36.) 
G0 Z3.000 
G0 X4.153 Y171.040 
(Begin step 37.) 
G0 X4.153 Y171.040 
(part 1) 
G1 X4.153 Y171.040 Z-1.000 F300.000 
G1 X226.649 Y171.040 Z-12.661 F300.000 
G1 X227.647 Y171.040 Z-22.299 F300.000 
G1 X326.423 Y171.040 Z-22.299 F300.000 
G1 X327.421 Y171.040 Z-18.271 F300.000 
G1 X333.408 Y171.040 Z-18.271 F300.000 
G1 X334.405 Y171.040 Z-18.308 F300.000 
G1 X404.247 Y171.040 Z-21.968 F300.000 
(End of step 37.) 
G0 Z3.000 
G0 X4.153 Y175.450 
(Begin step 38.) 
G0 X4.153 Y175.450 
(part 1) 
G1 X4.153 Y175.450 Z-1.000 F300.000 
G1 X226.649 Y175.450 Z-12.661 F300.000 
G1 X227.647 Y175.450 Z-22.299 F300.000 
G1 X326.423 Y175.450 Z-22.299 F300.000 
G1 X327.421 Y175.450 Z-18.271 F300.000 
G1 X333.408 Y175.450 Z-18.271 F300.000 
G1 X334.405 Y175.450 Z-18.308 F300.000 
G1 X404.247 Y175.450 Z-21.968 F300.000 
(End of step 38.) 
G0 Z3.000 
G0 X4.153 Y179.860 
(Begin step 39.) 
G0 X4.153 Y179.860 
(part 1) 
G1 X4.153 Y179.860 Z-1.000 F300.000 
G1 X226.649 Y179.860 Z-12.661 F300.000 
G1 X227.647 Y179.860 Z-12.714 F300.000 
G1 X228.645 Y179.860 Z-12.796 F300.000 
G1 X229.642 Y179.860 Z-12.860 F300.000 
G1 X260.572 Y179.860 Z-14.481 F300.000 
G1 X329.417 Y179.860 Z-18.089 F300.000 
G1 X330.414 Y179.860 Z-18.138 F300.000 
G1 X333.408 Y179.860 Z-18.256 F300.000 
G1 X334.405 Y179.860 Z-18.308 F300.000 
G1 X404.247 Y179.860 Z-21.968 F300.000 
(End of step 39.) 
G0 Z3.000 
G0 X4.153 Y184.270 
(Begin step 40.) 
G0 X4.153 Y184.270 
(part 1) 
G1 X4.153 Y184.270 Z-1.000 F300.000 
G1 X404.247 Y184.270 Z-21.968 F300.000 
(End of step 40.) 
G0 Z3.000 
G0 X4.153 Y188.680 
(Begin step 41.) 
G0 X4.153 Y188.680 
(part 1) 
G1 X4.153 Y188.680 Z-1.000 F300.000 
G1 X404.247 Y188.680 Z-21.968 F300.000 
(End of step 41.) 
G0 Z3.000 
G0 X4.153 Y193.090 
(Begin step 42.) 
G0 X4.153 Y193.090 
(part 1) 
G1 X4.153 Y193.090 Z-1.000 F300.000 
G1 X404.247 Y193.090 Z-21.968 F300.000 
(End of step 42.) 
G0 Z3.000 
G0 X4.153 Y197.500 
(Begin step 43.) 
G0 X4.153 Y197.500 
(part 1) 
G1 X4.153 Y197.500 Z-1.000 F300.000 
G1 X404.247 Y197.500 Z-21.968 F300.000 
(End of step 43.) 
G0 Z3.000 
G0 X4.153 Y201.910 
(Begin step 44.) 
G0 X4.153 Y201.910 
(part 1) 
G1 X4.153 Y201.910 Z-1.000 F300.000 
G1 X404.247 Y201.910 Z-21.968 F300.000 
(End of step 44.) 
G0 Z3.000 
G0 X4.153 Y206.320 
(Begin step 45.) 
G0 X4.153 Y206.320 
(part 1) 
G1 X4.153 Y206.320 Z-1.000 F300.000 
G1 X404.247 Y206.320 Z-21.968 F300.000 
(End of step 45.) 
G0 Z3.000 
G0 X4.153 Y210.730 
(Begin step 46.) 
G0 X4.153 Y210.730 
(part 1) 
G1 X4.153 Y210.730 Z-1.000 F300.000 
G1 X404.247 Y210.730 Z-21.968 F300.000 
(End of step 46.) 
G0 Z3.000 
G0 X4.153 Y215.140 
(Begin step 47.) 
G0 X4.153 Y215.140 
(part 1) 
G1 X4.153 Y215.140 Z-1.000 F300.000 
G1 X404.247 Y215.140 Z-21.968 F300.000 
(End of step 47.) 
G0 Z3.000 
G0 X4.153 Y219.550 
(Begin step 48.) 
G0 X4.153 Y219.550 
(part 1) 
G1 X4.153 Y219.550 Z-1.000 F300.000 
G1 X404.247 Y219.550 Z-21.968 F300.000 
(End of step 48.) 
G0 Z3.000 
G0 X4.153 Y223.960 
(Begin step 49.) 
G0 X4.153 Y223.960 
(part 1) 
G1 X4.153 Y223.960 Z-1.000 F300.000 
G1 X404.247 Y223.960 Z-21.968 F300.000 
(End of step 49.) 
G0 Z3.000 
G0 X4.153 Y228.370 
(Begin step 50.) 
G0 X4.153 Y228.370 
(part 1) 
G1 X4.153 Y228.370 Z-1.000 F300.000 
G1 X404.247 Y228.370 Z-21.968 F300.000 
(End of step 50.) 
G0 Z3.000 
G0 X4.153 Y232.780 
(Begin step 51.) 
G0 X4.153 Y232.780 
(part 1) 
G1 X4.153 Y232.780 Z-1.000 F300.000 
G1 X404.247 Y232.780 Z-21.968 F300.000 
(End of step 51.) 
G0 Z3.000 
G0 X4.153 Y237.190 
(Begin step 52.) 
G0 X4.153 Y237.190 
(part 1) 
G1 X4.153 Y237.190 Z-1.000 F300.000 
G1 X404.247 Y237.190 Z-21.968 F300.000 
(End of step 52.) 
G0 Z3.000 
G0 X4.153 Y241.600 
(Begin step 53.) 
G0 X4.153 Y241.600 
(part 1) 
G1 X4.153 Y241.600 Z-1.000 F300.000 
G1 X404.247 Y241.600 Z-21.968 F300.000 
(End of step 53.) 
G0 Z3.000 
G0 X4.153 Y246.010 
(Begin step 54.) 
G0 X4.153 Y246.010 
(part 1) 
G1 X4.153 Y246.010 Z-1.000 F300.000 
G1 X404.247 Y246.010 Z-21.968 F300.000 
(End of step 54.) 
G0 Z3.000 
G0 X4.153 Y250.420 
(Begin step 55.) 
G0 X4.153 Y250.420 
(part 1) 
G1 X4.153 Y250.420 Z-1.000 F300.000 
G1 X404.247 Y250.420 Z-21.968 F300.000 
(End of step 55.) 
G0 Z3.000 
G0 X4.153 Y254.830 
(Begin step 56.) 
G0 X4.153 Y254.830 
(part 1) 
G1 X4.153 Y254.830 Z-1.000 F300.000 
G1 X404.247 Y254.830 Z-21.968 F300.000 
(End of step 56.) 
G0 Z3.000 
G0 X4.153 Y259.240 
(Begin step 57.) 
G0 X4.153 Y259.240 
(part 1) 
G1 X4.153 Y259.240 Z-1.000 F300.000 
G1 X404.247 Y259.240 Z-21.968 F300.000 
(End of step 57.) 
G0 Z3.000 
G0 X4.153 Y263.650 
(Begin step 58.) 
G0 X4.153 Y263.650 
(part 1) 
G1 X4.153 Y263.650 Z-1.000 F300.000 
G1 X404.247 Y263.650 Z-21.968 F300.000 
(End of step 58.) 
G0 Z3.000 
G0 X4.153 Y268.060 
(Begin step 59.) 
G0 X4.153 Y268.060 
(part 1) 
G1 X4.153 Y268.060 Z-1.000 F300.000 
G1 X404.247 Y268.060 Z-21.968 F300.000 
(End of step 59.) 
G0 Z3.000 
G0 X4.153 Y272.470 
(Begin step 60.) 
G0 X4.153 Y272.470 
(part 1) 
G1 X4.153 Y272.470 Z-1.000 F300.000 
G1 X404.247 Y272.470 Z-21.968 F300.000 
(End of step 60.) 
G0 Z3.000 
G0 X4.153 Y276.880 
(Begin step 61.) 
G0 X4.153 Y276.880 
(part 1) 
G1 X4.153 Y276.880 Z-1.000 F300.000 
G1 X404.247 Y276.880 Z-21.968 F300.000 
(End of step 61.) 
G0 Z3.000 
G0 X4.153 Y281.290 
(Begin step 62.) 
G0 X4.153 Y281.290 
(part 1) 
G1 X4.153 Y281.290 Z-1.000 F300.000 
G1 X404.247 Y281.290 Z-21.968 F300.000 
(End of step 62.) 
G0 Z3.000 
G0 X4.153 Y285.700 
(Begin step 63.) 
G0 X4.153 Y285.700 
(part 1) 
G1 X4.153 Y285.700 Z-1.000 F300.000 
G1 X404.247 Y285.700 Z-21.968 F300.000 
(End of step 63.) 
G0 Z3.000 
G0 X4.153 Y290.110 
(Begin step 64.) 
G0 X4.153 Y290.110 
(part 1) 
G1 X4.153 Y290.110 Z-1.000 F300.000 
G1 X404.247 Y290.110 Z-21.968 F300.000 
(End of step 64.) 
G0 Z3.000 
G0 X4.153 Y294.520 
(Begin step 65.) 
G0 X4.153 Y294.520 
(part 1) 
G1 X4.153 Y294.520 Z-1.000 F300.000 
G1 X404.247 Y294.520 Z-21.968 F300.000 
(End of step 65.) 
G0 Z3.000 
G0 X4.153 Y298.930 
(Begin step 66.) 
G0 X4.153 Y298.930 
(part 1) 
G1 X4.153 Y298.930 Z-1.000 F300.000 
G1 X404.247 Y298.930 Z-21.968 F300.000 
(End of step 66.) 
(End of layer 7) 
G0 Z5.000 
(finish operation: Surface)
(begin postamble)
M05
G17 G54 G90 G80 G40
M2
